1,Vårens första blommor har börjat blomma i trädgården.,egna meningar,1,#ERROR!,,#ERROR!
1,Jag blev upplyft av det stöd jag fick från mina kollegor.,egna meningar,,,,
1,Den nya kaffebaren i grannskapet serverar utsökt espresso.,egna meningar,,,,
1,Att lyssna på musik på morgonen gör mig glad hela dagen.,egna meningar,,,,
1,Jag är tacksam för de lugna stunderna jag får för mig själv.,egna meningar,,,,
1,En främmande person hjälpte mig när jag tappade mina saker på gatan.,egna meningar,,,,
1,Jag klarade körkortstestet på första försöket!,egna meningar,,,,
1,Helgens utflykt till landsbygden var precis vad jag behövde.,egna meningar,,,,
1,Min trädgård är full av färgglada blommor och fjärilar.,egna meningar,,,,
1,Att tillbringa tid med min familj är det bästa jag vet.,egna meningar,,,,
0,Idag är det torsdag och jag har en ledig dag imorgon.,egna meningar,,,,
0,Min mobiltelefon behöver laddas snart.  ,egna meningar,,,,
0,Jag tänkte baka bröd till helgen.,egna meningar,,,,
0,Det finns en ny utställning på museet jag vill besöka.,egna meningar,,,,
0,Jag har planerat att städa mitt rum denna eftermiddag.,egna meningar,,,,
0,Jag ska byta till vinterdäck på bilen nästa vecka.,egna meningar,,,,
0,Det är vanligt att ha en paraply med sig under hösten.,egna meningar,,,,
0,Jag såg en katt sitta på ett staket när jag gick hem.,egna meningar,,,,
0,Min favoritbok är utlånad från biblioteket just nu.,egna meningar,,,,
0,Jag funderar på att starta en ny hobby.,egna meningar,,,,
−1,Jag glömde mitt lösenord och kunde inte logga in.,egna meningar,,,,
−1,Det är tråkigt när vänner avbokar i sista minuten.,egna meningar,,,,
−1,Jag är allergisk mot nötter och måste vara försiktig med vad jag äter.,egna meningar,,,,
−1,Det var en besvikelse att konserten ställdes in.,egna meningar,,,,
−1,Jag är trött på det ständiga regnet denna vecka.,egna meningar,,,,
−1,Det är så frustrerande när folk inte lyssnar.,egna meningar,,,,
−1,Jag råkade spilla kaffe på min nya tröja.,egna meningar,,,,
−1,Jag hittade en spricka i min mobilskärm idag.,egna meningar,,,,
−1,Det är så irriterande med förseningar i kollektivtrafiken.,egna meningar,,,,
−1,Jag kände mig utelämnad när jag inte blev inbjuden till festen.,egna meningar,,,,
1,Efter en lång dag är en varm kopp te precis vad jag behöver.,egna meningar,,,,
1,Jag är så stolt över mina barns framsteg i skolan.,egna meningar,,,,
1,En promenad i skogen gör mig alltid lugn och avslappnad.,egna meningar,,,,
1,Att se mina vänner lyckas gör mig otroligt glad.,egna meningar,,,,
1,Jag har äntligen lärt mig spela min favoritlåt på gitarr.,egna meningar,,,,
1,Den nya restaurangen i stan överträffade alla mina förväntningar.,egna meningar,,,,
1,Att hitta en bortglömd tjuga i jackfickan gjorde min dag.,egna meningar,,,,
1,Vårt teamprojekt fick beröm från chefen idag.,egna meningar,,,,
1,Jag vann första pris i den lokala fototävlingen!,egna meningar,,,,
1,Min trädgård blomstrar och det känns som ett litet paradis.,egna meningar,,,,
0,Jag lägger mina nycklar alltid på samma plats.,egna meningar,,,,
0,Det är dags för årets influensavaccin snart.,egna meningar,,,,
0,Jag läser oftast nyheterna på morgonen.,egna meningar,,,,
0,Jag funderar på att byta mobiltelefonmodell.,egna meningar,,,,
0,"I morgon är en annan dag, som de säger.",egna meningar,,,,
0,Det är en vanlig dag på kontoret.,egna meningar,,,,
0,Jag behöver köpa nya skor för vintern.,egna meningar,,,,
0,Jag ska besöka biblioteket för att låna några böcker.,egna meningar,,,,
0,Jag dricker alltid två koppar kaffe på morgonen.,egna meningar,,,,
0,Det är dags att plantera om krukväxterna.,egna meningar,,,,
−1,Jag fastnade i trafiken och kom för sent till mötet.,egna meningar,,,,
−1,Det är så tråkigt att dagarna blir kortare på hösten.,egna meningar,,,,
−1,Jag glömde mitt paraply och blev genomblöt i regnet.,egna meningar,,,,
−1,Min dator kraschade och jag förlorade viktiga filer.,egna meningar,,,,
−1,"Jag har ont i halsen, kanske är jag förkyld.",egna meningar,,,,
−1,Jag är besviken på kvaliteten på de nya hörlurarna.,egna meningar,,,,
−1,Det känns som att ingenting går min väg idag.,egna meningar,,,,
−1,Jag saknar solen under de mörka vintermånaderna.,egna meningar,,,,
−1,Jag brände maten när jag blev distraherad.,egna meningar,,,,
−1,Jag råkade tappa min telefon och skärmen sprack.,egna meningar,,,,
1,Solnedgången över havet var helt andlös.,egna meningar,,,,
1,Jag känner mig så lycklig när jag tillbringar tid med min familj.,egna meningar,,,,
1,"Den där kakan var verkligen utsökt, jag måste be om receptet.",egna meningar,,,,
1,Efter mycket hårt arbete fick jag äntligen befordran jag drömt om.,egna meningar,,,,
1,Att höra ditt skratt gör alltid min dag bättre.,egna meningar,,,,
1,Jag fick ett mycket uppskattande e-postmeddelande från min chef idag.,egna meningar,,,,
1,Vi hade en fantastisk semester och skapade minnen för livet.,egna meningar,,,,
1,Att lyckas med mitt projekt gav mig en enorm tillfredsställelse.,egna meningar,,,,
1,Jag älskar att se blommorna jag planterade växa och blomstra.,egna meningar,,,,
1,Ett spontant cafébesök med en vän gjorde hela min vecka.,egna meningar,,,,
1,Jag är så tacksam för allt stöd jag får från mina vänner.,egna meningar,,,,
1,Att jogga i parken på morgonen ger mig så mycket energi.,egna meningar,,,,
1,Den nya boken jag började läsa är helt fängslande.,egna meningar,,,,
1,Jag kände mig så stolt när jag klarade den svåra tentan.,egna meningar,,,,
1,Att hitta en gammal vän på sociala medier värmde mitt hjärta.,egna meningar,,,,
1,Jag skrattade så mycket åt filmen vi såg igår kväll.,egna meningar,,,,
1,Att få ett handskrivet brev på posten var en sådan glädje.,egna meningar,,,,
1,Jag känner mig så fridfull när jag lyssnar på vågornas brus.,egna meningar,,,,
1,"Min favoritartist släpper ett nytt album snart, och jag kan inte vänta.",egna meningar,,,,
1,Att se barnen leka och skratta i parken är så hjärtvärmande.,egna meningar,,,,
0,Det är molnigt ute idag.,egna meningar,,,,
0,Jag ska gå och handla mat senare.,egna meningar,,,,
0,Boken jag läser handlar om historia.,egna meningar,,,,
0,Det är tisdag idag.,egna meningar,,,,
0,Jag måste tanka bilen snart.,egna meningar,,,,
0,Klockan är halv nio på morgonen.,egna meningar,,,,
0,Jag funderar på vilken film jag ska se ikväll.,egna meningar,,,,
0,Det är dags för mig att byta till vinterjacka.,egna meningar,,,,
0,Jag behöver köpa nya batterier till fjärrkontrollen.,egna meningar,,,,
0,Jag planerar att besöka biblioteket imorgon.,egna meningar,,,,
0,Min mobiltelefon har en uppdatering som behöver installeras.,egna meningar,,,,
0,Jag ska lämna tillbaka böckerna till biblioteket på vägen hem.,egna meningar,,,,
0,Det är vanligt att det regnar mycket i april.,egna meningar,,,,
0,Jag har tänkt börja lära mig ett nytt språk.,egna meningar,,,,
0,Jag brukar ta en promenad på lunchen.,egna meningar,,,,
0,Jag ska kolla vädret inför helgen.,egna meningar,,,,
0,Jag funderar på att börja med yoga.,egna meningar,,,,
0,Det är en ny kafé som öppnat i grannskapet.,egna meningar,,,,
0,Jag ska ordna med försäkringen för bilen.,egna meningar,,,,
0,Jag tänker på att byta jobb nästa år.,egna meningar,,,,
−1,Jag missade bussen och måste vänta på nästa.,egna meningar,,,,
−1,"Det regnar igen, och jag glömde mitt paraply.",egna meningar,,,,
−1,Jag känner mig stressad över allt arbete jag har att göra.,egna meningar,,,,
−1,"Jag råkade tappa min telefon, och nu är skärmen sprucken.",egna meningar,,,,
−1,Jag är besviken på hur filmen slutade.,egna meningar,,,,
−1,Jag vaknade med huvudvärk denna morgon.,egna meningar,,,,
−1,Det var en lång kö vid kassan i affären idag.,egna meningar,,,,
−1,Jag känner mig ensam ibland.,egna meningar,,,,
−1,Maten jag beställde var inte alls som jag förväntade mig.,egna meningar,,,,
−1,Jag glömde min plånbok hemma när jag gick ut.,egna meningar,,,,
−1,Jag försov mig och kom försent till mitt möte.,egna meningar,,,,
−1,Det är så frustrerande när internet inte fungerar ordentligt.,egna meningar,,,,
−1,Jag blev blöt i regnet och nu fryser jag.,egna meningar,,,,
−1,Jag är orolig för min vän som inte mår bra.,egna meningar,,,,
−1,Jag råkade spilla kaffe över mina papper.,egna meningar,,,,
−1,Det är så tråkigt att sommaren är över.,egna meningar,,,,
−1,Jag kände mig utelämnad när jag inte blev inbjuden.,egna meningar,,,,
−1,Jag har tappat bort mitt bibliotekskort.,egna meningar,,,,
−1,Jag är irriterad över att mitt tåg är försenat.,egna meningar,,,,
−1,"Min dator kraschade, och jag förlorade viktiga dokument.",egna meningar,,,,
−1,"Det regnar hela tiden, och jag känner mig så deprimerad.",egna meningar,,,,
−1,"Tåget blev inställt igen, och nu måste jag stanna sent på jobbet.",egna meningar,,,,
−1,"Den där presentationen gick förfärligt, jag tror jag gjorde bort mig totalt.",egna meningar,,,,
−1,"Maten på restaurangen var smaklös och dyr, jag kommer aldrig gå dit igen.",egna meningar,,,,
−1,"Min telefon har gått sönder, och jag vet inte hur jag ska klara mig utan den.",egna meningar,,,,
−1,"Bråket med min vän gjorde mig ledsen, jag vet inte om vi kan lösa det.",egna meningar,,,,
−1,"Min cykel blev stulen, nu kan jag inte cykla till jobbet längre.",egna meningar,,,,
−1,"Det känns som allt går emot mig idag, jag har otur i allt jag gör.",egna meningar,,,,
−1,"Jag förstår inte den här uppgiften, jag kommer aldrig att klara den.",egna meningar,,,,
−1,"Vädret är hemskt, det är kallt, mörkt och blåsigt.",egna meningar,,,,
1,"Solen skiner idag, och jag känner mig full av energi.",egna meningar,,,,
1,"Jag fick ett nytt jobb, och jag är så glad över möjligheten.",egna meningar,,,,
1,"Middagen med mina vänner var fantastisk, vi hade så roligt tillsammans.",egna meningar,,,,
1,"Hittade en ny bok som jag inte kan sluta läsa, den är helt underbar.",egna meningar,,,,
1,"Träningen gick superbra idag, jag känner mig stark och frisk.",egna meningar,,,,
1,"Fick ett fint meddelande från min partner, det gjorde mig varm i hjärtat.",egna meningar,,,,
1,"Löste ett svårt problem på jobbet, känns skönt att lyckas.",egna meningar,,,,
1,"Gjorde en spontan utflykt, och det blev en underbar dag.",egna meningar,,,,
1,"Lärde mig något nytt idag, känns alltid bra att utvecklas.",egna meningar,,,,
1,"Tacksam för min hälsa, min familj och mina vänner.",egna meningar,,,,
1,"Solen skiner idag, och jag känner mig full av energi.",egna meningar,,,,
1,"Jag fick ett nytt jobb, och jag är så glad över möjligheten.",egna meningar,,,,
1,"Middagen med mina vänner var fantastisk, vi hade så roligt tillsammans.",egna meningar,,,,
1,"Hittade en ny bok som jag inte kan sluta läsa, den är helt underbar.",egna meningar,,,,
1,"Träningen gick superbra idag, jag känner mig stark och frisk.",egna meningar,,,,
1,"Fick ett fint meddelande från min partner, det gjorde mig varm i hjärtat.",egna meningar,,,,
1,"Löste ett svårt problem på jobbet, känns skönt att lyckas.",egna meningar,,,,
1,"Gjorde en spontan utflykt, och det blev en underbar dag.",egna meningar,,,,
1,"Lärde mig något nytt idag, känns alltid bra att utvecklas.",egna meningar,,,,
1,"Tacksam för min hälsa, min familj och mina vänner.",egna meningar,,,,
−1,Jakten på rånarna fortsätter men på måndagsmorgonen var de fortfarande fria,8 Sidor,,,,
−1,"Han har berättat att höften måste opereras, men han har inte velat säga när.",8 Sidor,,,,
0,"Då tyckte experter att han var psykiskt sjuk, men inte så sjuk att han skulle slippa fängelse.",8 Sidor,,,,
−1,Han hade gått till sjukhuset men fick inte träffa sin läkare.,8 Sidor,,,,
−1,Men festen slutade med blod och död.,8 Sidor,,,,
−1,Nu håller vattnet på att sjunka men nya problem har dykt upp.,8 Sidor,,,,
−1,Många turister har skadats men ingen har dödats.,8 Sidor,,,,
1,Stina Nilsson var bäst av svenskorna .,8 Sidor,,,,
−1,Hur olyckan kunde hända är fortfarande oklart .,8 Sidor,,,,
0,Egyptens militärer säger att de ska ingripa och stoppa protesterna om inte regeringen och poliserna gör det .,8 Sidor,,,,
1,Men vem bryr sig när han slår så fina passningar .,8 Sidor,,,,
0,Hon heter Ameenah Gurib-Fakim .,8 Sidor,,,,
1,EU-kommissionen kan bli nöjd om länderna till exempel höjer skatten för att få in mer pengar .,8 Sidor,,,,
−1,Då är risken att smittan blir ännu mer spridd .,8 Sidor,,,,
0,Tysken Stefan W Hell delar priset med Eric Betzig och William E Moerner från USA .,8 Sidor,,,,
−1,Experterna vill inte att vi ska resa till eller från Stockholm och andra stora städer .,8 Sidor,,,,
0,Det har snöat mycket i västra Sverige under natten till tisdag .,8 Sidor,,,,
0,Linda Haglund sade att hon var oskyldig och hennes tränare erkände att det var han som gjort fel .,8 Sidor,,,,
0,Ingen vet hur mycket det kommer att kosta att bygga upp New Orleans .,8 Sidor,,,,
0,Fram till 1010 ska regeringen lägga nästan 8 miljarder kronor på vägar och järnvägar .,8 Sidor,,,,
1,EU vill att Europas städer ska få bättre skydd mot terrorister .,8 Sidor,,,,
0,I vintras gjorde vi en intervju med Cecilia Wikström .,8 Sidor,,,,
1,Då var det världens största fartyg .,8 Sidor,,,,
1,År 1958 kom Sverige tvåa .,8 Sidor,,,,
−1,Många människor flydde från det kommunistiska Östtyskland till Västtyskland .,8 Sidor,,,,
−1,De är arga för att ett gammalt fartyg som Prestige användes för att köra olja .,8 Sidor,,,,
1,En av sakerna hon kämpat för är att kvinnor ska få köra bil i landet .,8 Sidor,,,,
−1,Minst tio personer i två byar har blivit dödade .,8 Sidor,,,,
0,Din förening kan nu räknas som ett parti .,8 Sidor,,,,
−1,Det är vanligt att Nordkorea hotar med vapen för att få hjälp med pengar.,8 Sidor,,,,
−1,Den brittiska regeringen är säker på att det var Ryssland som försökte döda dem .,8 Sidor,,,,
−1,Det är inte första gången som det blir våldsamt på matcher i fotboll .,8 Sidor,,,,
1,Stina Nilsson var bäst av svenskorna .,8 Sidor,,,,
−1,Hur olyckan kunde hända är fortfarande oklart .,8 Sidor,,,,
0,Egyptens militärer säger att de ska ingripa och stoppa protesterna om inte regeringen och poliserna gör det .,8 Sidor,,,,
−1,Men vem bryr sig när han slår så fina passningar .,8 Sidor,,,,
0,Hon heter Ameenah Gurib-Fakim .,8 Sidor,,,,
1,EU-kommissionen kan bli nöjd om länderna till exempel höjer skatten för att få in mer pengar .,8 Sidor,,,,
−1,Då är risken att smittan blir ännu mer spridd .,8 Sidor,,,,
0,Tysken Stefan W Hell delar priset med Eric Betzig och William E Moerner från USA .,8 Sidor,,,,
−1,Experterna vill inte att vi ska resa till eller från Stockholm och andra stora städer .,8 Sidor,,,,
0,Det har snöat mycket i västra Sverige under natten till tisdag .,8 Sidor,,,,
−1,Linda Haglund sade att hon var oskyldig och hennes tränare erkände att det var han som gjort fel .,8 Sidor,,,,
0,Ingen vet hur mycket det kommer att kosta att bygga upp New Orleans .,8 Sidor,,,,
0,Fram till 1010 ska regeringen lägga nästan 8 miljarder kronor på vägar och järnvägar .,8 Sidor,,,,
1,EU vill att Europas städer ska få bättre skydd mot terrorister .,8 Sidor,,,,
0,I vintras gjorde vi en intervju med Cecilia Wikström .,8 Sidor,,,,
0,EU säger att regeringen bestämmer för mycket över domstolarna .,8 Sidor,,,,
1,Pengarna ska se till att det blir mer ordning och reda i skolan .,8 Sidor,,,,
1,Att vi har bra jämställdhet är också bra för att få bättre ekonomi i ett land .,8 Sidor,,,,
−1,Det är svårare än tidigare för studenter att hitta bostad .,8 Sidor,,,,
0,Vad händer med den som blir sjuk ?,8 Sidor,,,,
−1,Taylor Michell vandrade ensam när de två vargarna anföll henne .,8 Sidor,,,,
0,Tingsrätten dömde Mijailovic till livstids fängelse för mordet på utrikesminister Anna Lindh .,8 Sidor,,,,
0,"Det hände nyligen när folk protesterade mot att Förenta nationerna , FN , finns i landet .",8 Sidor,,,,
−1,Där orkanen dragit fram har hus och vägar förstörts .,8 Sidor,,,,
0,"– Möter jag någon jag känner måste jag hålla avstånd , samtidigt kan det vara mycket ljud runt omkring , säger Paulina Palm .",8 Sidor,,,,
0,Hagamannen tänker bo i Umeå när han släpps fri .,8 Sidor,,,,
0,Verkets siffror visar också att färre människor dör i olyckor på jobbet .,8 Sidor,,,,
−1,Han säger att rebellerna har tagit omkring 400 fångar .,8 Sidor,,,,
−1,– Han är en farlig motståndare .,8 Sidor,,,,
−1,Det har blivit vanligare med skjutningar och mord i de stora städerna i Sverige .,8 Sidor,,,,
0,Dackarna och Västervik ska tävla i två matcher i finalen .,8 Sidor,,,,
0,Efter två perioder ledde Kanada bara med 1-0 och svenskarna jagade ett mål .,8 Sidor,,,,
−1,Han misstänks för att ha hjälpt en knarkliga att ta in knark i Sverige .,8 Sidor,,,,
0,Sveriges regering vill ha en skatt på flygresor .,8 Sidor,,,,
0,"Då hinner de inte med ett val också , säger Åsa Fahlén på Lärarnas Riksförbund .",8 Sidor,,,,
0,Det är en ovanligt okänd person som blir chef för Skansen .,8 Sidor,,,,
0,Olafur Gudmundsson från Kristianstad med bollen i finalen mot Alingsås .,8 Sidor,,,,
0,William och Kate åkte till sjukhuset tidigt på måndagsmorgonen .,8 Sidor,,,,
−1,88-årige Noun Chea och 83-årige Khieu Samphan döms till fängelse resten av livet .,8 Sidor,,,,
−1,Ett tåg med passagerare blev fast i Gävle .,8 Sidor,,,,
1,Det kan betyda att färre får hudcancer i framtiden .,8 Sidor,,,,
0,Nu ska domstolen titta på advokatens anmälan och undersöka vad som hänt .,8 Sidor,,,,
0,Han ska också betala en halv miljon kronor till Andreas Danmans familj .,8 Sidor,,,,
0,Hon vill också att sexsäljare ska behandlas som andra yrkesgrupper .,8 Sidor,,,,
1,Regeringen har också tidigare sagt att de vill ordna lätta jobb i kommuner och landsting till de här personerna .,8 Sidor,,,,
−1,Explosionen ska ha varit nära Taksimtorget .,8 Sidor,,,,
1,Vi vill också satsa en miljard kronor så att föräldrarna får ut 90 procent av lönen de månaderna .,8 Sidor,,,,
0,Nu ska en åklagare undersöka vad som har hänt .,8 Sidor,,,,
1,Zlatan var matchens stora lirare .,8 Sidor,,,,
0,De flesta holländare vill nu göra det svårare för invandrare att komma till Holland .,8 Sidor,,,,
1,Presidenten säger att Mohamed Hussein Roble ska jobba med att göra landet bättre och säkrare .,8 Sidor,,,,
1,Och de fick hjälp av stora företag som Facebook och Google .,8 Sidor,,,,
1,"Europeiska Unionen , EU , har nu kommit överens om flera saker .",8 Sidor,,,,
0,Men Ryssland fortsätter att säga stopp till att släppa fram båtar .,8 Sidor,,,,
−1,Tre Kronor var på väg mot ett misslyckande i ishockey-VM .,8 Sidor,,,,
1,Integrationspolitiken har de senaste decennierna fokuserat på att vilket jobb som helst är ett bra jobb för utlandsutbildade .,Dagens arena,,,,
0,"Det finns gott om lämpliga , demokratiskt sinnade aktörer att stödja , och deras behov är som sagt omfattande .",Dagens arena,,,,
0,De tvingas att fatta tuffare beslut än vad de skulle önska i någon sorts ideal värld .,Dagens arena,,,,
0,"Om AD dömer till fackets och den uppsagdas fördel får personen utöver skadestånd också innestående lön under den tid som tvisten pågått och kan få behålla jobbet, och arbetstagaren kan precis som idag köpas ut av arbetsgivaren om denne inte vill ha hen tillbaka.",Dagens arena,,,,
0,Socialdemokraterna ligger bakom 1900-talets stora jämställdhetsreformer men kampen för det jämlika och jämställda samhället måste fortsätta .,Dagens arena,,,,
0,"- Arbetet måste injiceras både med väldigt tydliga insatser som går att mäta och följa upp , samtidigt som det är ett långsiktigt och outtröttligt arbete som såväl arbetsgivare som fackförbund måste orka driva .",Dagens arena,,,,
0,"Hotell- och restaurangfacket ( HRF ) anser att fackförbunden bör få någon form av ersättning för den extra arbetsbörda det innebär att lämna uppgifter till myndigheter , något de i sig menar är viktigt och en förutsättning för reformen .",Dagens arena,,,,
0,I Uppland och på Gotland fick många skolbarn ledigt när deras skolor höll stängt .,8 Sidor,,,,
0,Tidigare har Nicklas Lidström lett Detroit till seger år 1008 .,8 Sidor,,,,
0,"Människor från Norge , Island , Storbritannien , Schweiz och Liechtenstein får också komma .",8 Sidor,,,,
0,Men i sitt tal berömde han Sverigedemokraterna för att de inte vill öka invandringen .,8 Sidor,,,,
0,"Så länge ett barn får behandling ska föräldrarna få ledigt , tycker regeringen .",8 Sidor,,,,
1,Personer från Afghanistan var den grupp som lyckades bäst med att hitta jobb .,8 Sidor,,,,
0,– Vi fick höra nyheten i söndags av männens föräldrar .,8 Sidor,,,,
−1,– Det kan vara fler döda .,8 Sidor,,,,
0,Grekland regering ska spara pengar bland annat genom att höja pensionsåldern och ge mindre pengar till försvaret .,8 Sidor,,,,
−1,Sverige fick ingen medalj i VM i handboll för herrar .,8 Sidor,,,,
−1,De måste genast få hjälp för att klara sig .,8 Sidor,,,,
0,De ska också undersöka om sådana läger för flyktingar också skulle kunna vara utanför EU .,8 Sidor,,,,
0,Socialdemokraternas ledare Stefan Löfven får mer tid på sig att hitta stöd för att bli statsminister .,8 Sidor,,,,
1,Miljöpartiet Alla människor har samma värde .,8 Sidor,,,,
1,"– Fler människor ska få jobb , det är viktigast för regeringen .",8 Sidor,,,,
0,– Kan du komma hem utan att smitta andra ?,8 Sidor,,,,
1,Ibland lyckas Nigerias soldater befria terroristernas fångar .,8 Sidor,,,,
−1,"De kidnappar , torterar och dödar oskyldiga människor , säger experterna i HRW .",8 Sidor,,,,
0,Colombias regering säger att landet måste få försvara sig mot gerillan .,8 Sidor,,,,
1,Det firades med en stor fest i Stockholm på söndagen .,8 Sidor,,,,
0,Saab-arbetarna får vänta några veckor till innan de vet hur det går .,8 Sidor,,,,
0,Det är också viktigt att samarbeta med andra länder om att få bort olagliga vapen .,8 Sidor,,,,
0,Stefan Löfven sade att han kan samarbeta med alla partier utom Sverigedemokraterna .,8 Sidor,,,,
0,Många irakier är glada över att Saddam Hussein är borta .,8 Sidor,,,,
1,Sverige tog guld i mixedstafetten där det var två män och två kvinnor med i laget .,8 Sidor,,,,
1,"Alla jublade , hurrade och dansade när de fick veta att presidenten hade lämnat ifrån sig makten .",8 Sidor,,,,
1,"– Det är ett fint pris som visar att du har gjort något bra , säger Dejan Kulusevski .",8 Sidor,,,,
−1,SJ och Trafikverket tror att tågen kommer att kunna köra igen först på måndag den 1 juni .,8 Sidor,,,,
1,Partiet vill att alla samer ska ha rätt till jakt och fiske .,8 Sidor,,,,
0,Lagen gör att han kan fortsätta som president i två perioder till .,8 Sidor,,,,
1,Experter vet att den här gasen finns på jorden och att det är ett tecken på att det finns liv .,8 Sidor,,,,
0,Men experter tror inte att det stämmer .,8 Sidor,,,,
0,På festen träffade Strache personer som han trodde arbetade åt rika ryska affärsmän .,8 Sidor,,,,
1,"Jodå , Sverige vann den första matchen i handbolls-EM . Sverige vann en säker seger över Ukraina med 31-15 .",8 Sidor,,,,
0,"Men de här eleverna behöver riktiga lektioner med utbildade lärare , säger hon .",8 Sidor,,,,
1,"– Vaccinet är säkert och det är mycket bra , säger EUs experter .",8 Sidor,,,,
0,Därför kan en del soldater få åka hem .,8 Sidor,,,,
1,Skolmaten kommer att bli bättre .,8 Sidor,,,,
0,Om vi får in fler svar kommer vi att lägga till dem senare .,8 Sidor,,,,
1,De hoppas att det ska minska risken för att smittan sprider sig i Sverige .,8 Sidor,,,,
1,– Vi känner oss hedrade .,8 Sidor,,,,
−1,De har inte kunnat träffa alla sina kompisar .,8 Sidor,,,,
1,Sara Lidman är känd för sitt vackra språk och för att hon vågade säga vad hon tyckte .,8 Sidor,,,,
0,Donald Trump vann valet och blir USAs nya president .,8 Sidor,,,,
1,"Det här kommer att bli en riktig match , sa han och menade att partierna verkligen måste visa vilken politik som är bäst .",8 Sidor,,,,
1,I tisdags blev alla utom två personer räddade ur gruvan .,8 Sidor,,,,
0,Det är särskilt viktigt för folk som riskerar att bli svårt sjuka av viruset .,8 Sidor,,,,
1,Frances McDormand fick pris som bästa skådespelerska .,8 Sidor,,,,
0,"Andra som fått sina internet-sidor angripna av Wikileaks vänner är bankkortsföretagen Visa och Mastercard , advokaten Claes Borgström och den svenska regeringen .",8 Sidor,,,,
1,Fyra svenska NHL-spelare är klara för VM .,8 Sidor,,,,
1,Det var första gången i vinter en svensk vann och det var första gången Stina vann .,8 Sidor,,,,
0,Viktigast på festen var naturligtvis de som fått Nobelpriset .,8 Sidor,,,,
0,"Hur pengarna som staten får in ska användas vill Socialdemokraterna berätta senare , säger Magdalena Andersson .",8 Sidor,,,,
−1,Den som blir dömd för brottet kan få fängelse eller böter .,8 Sidor,,,,
1,Det kan rädda liv .,8 Sidor,,,,
0,Kanada är storfavorit till att vinna guldet i junior-VM . I dag torsdag spelar Sverige sin andra match i VM .,8 Sidor,,,,
−1,PSG gjorde ingen bra match .,8 Sidor,,,,
0,Det betyder att staten kan betala sådant som staten måste betala .,8 Sidor,,,,
−1,"Myndigheternas siffra är 1 600 döda , men det kan vara fler som har dött .",8 Sidor,,,,
0,Tyska experter vill stänga sju av landets kärnkraftverk .,8 Sidor,,,,
0,Laget flyttade från Stockholm till Eskilstuna för att få mer publik på sina matcher .,8 Sidor,,,,
0,Poliserna kan få avlyssna barns mobiltelefoner .,8 Sidor,,,,
1,Jonna Sundling vann guld i sprint .,8 Sidor,,,,
0,De höga priserna beror bland annat på att bensin och diesel ska bli bättre för miljön .,8 Sidor,,,,
1,I ett brev tackar de två för all hjälp och allt stöd de fått av människor i Sverige .,8 Sidor,,,,
−1,De allra rikaste svenskarna släpper ut tio gånger mer koldioxid jämfört med alla andra svenskar .,8 Sidor,,,,
0,Det beror också på att få ser programmen i en vanlig tv .,8 Sidor,,,,
0,– Alla i laget fick spela och vi testade lite nytt .,8 Sidor,,,,
1,Men nu är hon helt frisk och i väldigt bra form .,8 Sidor,,,,
0,I en demokrati är det viktigt att alla kan ordna protester .,8 Sidor,,,,
0,Varje år möts de två bästa engelska fotbollslagen i en särskild match .,8 Sidor,,,,
1,– Vi hjälper Ukraina på olika sätt .,8 Sidor,,,,
−1,Om de döms kan de straffas med fängelse i 15 år .,8 Sidor,,,,
1,En del experter säger att det är jättebra att Volvo nu får chans att sälja fler bilar i Kina .,8 Sidor,,,,
0,Charlotte klarade Johaug men inte Björgen .,8 Sidor,,,,
1,De får bra betalt för sitt viktiga arbete .,8 Sidor,,,,
0,Han är expert på odling .,8 Sidor,,,,
1,En av Eric Gustafssons tavlor har nu vunnit en tävling för konst .,8 Sidor,,,,
,Flera vägar fick stängas av .,8 Sidor,,,,
,Här kan du se bilder från nyheterna vecka 13 .,8 Sidor,,,,
,Det säger Johanna Ragnartz på organisationen Håll Sverige Rent som gjort undersökningen om skräp .,8 Sidor,,,,
,"Miljöpartiet vill att ungdomar , pensionärer och studenter ska få resa billigare på bussar och tunnelbana .",8 Sidor,,,,
,Efter en vecka fick hon jobb hos dem .,8 Sidor,,,,
,Regeringen får också mer kritik .,8 Sidor,,,,
,Av alla frukter och grönsaker som testades fick hälften betyget dålig och nästan lika många fick medelbetyg .,8 Sidor,,,,
,Det blir en stenhård grupp där Frankrike är favorit .,8 Sidor,,,,
,Det var rena krigsdansen .,8 Sidor,,,,
,Nu har regeringen ordnat en undersökning om hur det kan bli enklare att resa och boka biljetter med tåg .,8 Sidor,,,,
,Men en del saker har blivit rätt i filmen .,8 Sidor,,,,
,Han fick stora applåder av publiken när han sprang i mål .,8 Sidor,,,,
,Svenskarna var helt överlägsna och vann med 10-1 .,8 Sidor,,,,
,"– Det är smickrande att Roma är intresserade av mig , säger Emil Forsberg .",8 Sidor,,,,
,USAs regering ville satsa nästan fem tusen miljarder kronor för att rädda bankerna .,8 Sidor,,,,
,FN kan nu straffa Iran för att få landet att ändra sig .,8 Sidor,,,,
,Andra länder i EU kan få hjälp med pengar för att dela ut frukt och grönsaker till barn i skolan .,8 Sidor,,,,
,Då skulle IFK Göteborg kunna vinna matchen .,8 Sidor,,,,
,Partiet får flest röster av alla partier i EU-valet i Frankrike .,8 Sidor,,,,
,"Partierna i regeringen har flest politiker i riksdagen , med hjälp av Sverigedemokraterna .",8 Sidor,,,,
,Om fler länder tog ansvar skulle vi kunna hjälpa många fler människor än i dag .,8 Sidor,,,,
,Ryttaren Sara Algotsson Ostholt har chans att ta Sveriges första medalj i OS .,8 Sidor,,,,
,Vilken härlig skräll .,8 Sidor,,,,
,BB King har fått många fina priser .,8 Sidor,,,,
,Det kan ha hjälpt till att minska smittan .,8 Sidor,,,,
,Experter från flera länder ska vara med i domstolen .,8 Sidor,,,,
,Sverige vill gå med i organisationen Nato där soldater från olika länder samarbetar .,8 Sidor,,,,
,Det är femte året i rad de första tomaterna kommer därifrån .,8 Sidor,,,,
,Nu har det unga mattesnillet hittat en smart lösning på ett känt matteproblem .,8 Sidor,,,,
,Nu försöker experterna på Jordbruksverket ta reda på hur korna blev smittade .,8 Sidor,,,,
,Partierna som samarbetar är inte överens om alla förslag .,8 Sidor,,,,
,De har vunnit alla sina matcher .,8 Sidor,,,,
,Ljungberg räddade oss med sitt nickmål .,8 Sidor,,,,
,"Och det förstör för människors frihet och rättigheter , sa kungen .",8 Sidor,,,,
,Flyktingarna räddades av folk från organisationen IOM .,8 Sidor,,,,
,Men nu visar det sig att avtalet inte var så ovanligt .,8 Sidor,,,,
,Brukar du mata fåglar vid ditt hus eller vet du om ett ställe där fåglar får mat ?,8 Sidor,,,,
,Men experter säger att bråken nu är värre än på länge .,8 Sidor,,,,
,Svenska som andraspråk kan vara viktigt för elever som pratar ett annat språk än svenska hemma .,8 Sidor,,,,
,Men det kan ha varit för att lastbilen var för tungt lastad .,8 Sidor,,,,
,Tidningar med nyheter får 500 miljoner kronor att dela på .,8 Sidor,,,,
,Laget spelade smart och starkt i försvar .,8 Sidor,,,,
,Hon kunde inte säga nej eller försvara sig .,8 Sidor,,,,
,Då gick hennes pappa till en domstol för att få styra över sin dotters liv och pengar .,8 Sidor,,,,
,De bestämde att de skulle samarbeta .,8 Sidor,,,,
,Men i år har polisen där bara fått in 17 anmälningar .,8 Sidor,,,,
,"På måndagen kommer det att fortsätta snöa hela dagen , säger experterna på SMHI .",8 Sidor,,,,
,Den senaste tiden har det varit ganska lugnt i Gaza .,8 Sidor,,,,
,– Jag är riktigt nöjd .,8 Sidor,,,,
,Träd som är annorlunda får ofta vara kvar i skogen .,8 Sidor,,,,
,Bara på måndagen räddades över 1000 personer .,8 Sidor,,,,
,I morgon hoppas 8 SIDOR kunna berätta vem som vann det norska valet .,8 Sidor,,,,
,"För många unga i många länder är Gothia cup bland det viktigaste de har , säger Dennis Andersson .",8 Sidor,,,,
,"Om Sverige hjälpt dem tidigare så hade fler kunnat må bättre i dag , säger kommissionen .",8 Sidor,,,,
,Sveriges regering har arbetat i flera år för att få vara med i FNs säkerhetsråd .,8 Sidor,,,,
,De struntar i varningarna och åker på ställen där det kan vara farligt .,8 Sidor,,,,
,Människorna i Syrien vill ha demokrati och frihet .,8 Sidor,,,,
,De två artisterna fick flest röster och gick direkt till final .,8 Sidor,,,,
,"Vänsterpartiet Vänsterpartiet tycker att det är viktigt att skydda stränderna så att alla människor kan promenera , bada och fiska .",8 Sidor,,,,
,Youssoufa Moukoko kan redan nu tjäna massor med pengar på fotbollen .,8 Sidor,,,,
,"Nu har landet bett EU och internationella valutafonden , IMF , om hjälp .",8 Sidor,,,,
,"Nu säger de fyra partierna Moderaterna , Folkpartiet , Centerpartiet och Kristdemokraterna att de har kommit överens om hur de vill använda Sveriges pengar .",8 Sidor,,,,
,Det var ingen bra längdhoppsfinal .,8 Sidor,,,,
,"Federer har nu tagit 15 segrar , en mer än Pete Sampras .",8 Sidor,,,,
,Miljöpartiet säger att de flesta av barnen nu kommer att få stanna i Sverige .,8 Sidor,,,,
,Tusentals ungdomar har inte klarat av att betala sina sms-lån .,8 Sidor,,,,
,Många experter säger att det är dåligt för klimatet .,8 Sidor,,,,
,Den som har betalat för mycket skatt får tillbaka pengar .,8 Sidor,,,,
,Nasrin Sotoudeh får priset för att hon kämpar för människors rättigheter i Iran .,8 Sidor,,,,
,I pausen skulle sjuka och skadade kunna lämna området Ghouta .,8 Sidor,,,,
,"– Det här var bättre än allt jag hoppades på , säger Zebastian Modin .",8 Sidor,,,,
,Nu kan hon tänka sig att sänka skatten på kärnkraft så att kraftverken får vara kvar in några år till .,8 Sidor,,,,
,Men det räcker inte med att få undervisning hemma .,8 Sidor,,,,
,Myndigheten Försvarsmakten jobbar med soldaterna som ska försvara Sverige om det blir krig .,8 Sidor,,,,
,"Därför kommer hon inte efter i skolan , trots att hon är borta varje fredag .",8 Sidor,,,,
,Senare i vår får vi veta om det blir äkta kärlek i något av programmen .,8 Sidor,,,,
,Där de börjar växa blir det svårare för andra växter att klara sig .,8 Sidor,,,,
,17-årige Truls Möregårdh från Sverige fick en bra start i VM i bordtennis .,8 Sidor,,,,
,Vi kan drömma om monster på havets botten .,8 Sidor,,,,
,Den fick bland annat pris som den bästa svenska filmen förra året .,8 Sidor,,,,
,– Det känns fantastiskt .,8 Sidor,,,,
,De två artisterna kan vinna sju priser var .,8 Sidor,,,,
,Men Zlatan får spela i den franska cupfinalen på söndag .,8 Sidor,,,,
,Det betyder att alla människor ska få vara med och bestämma .,8 Sidor,,,,
,Maria Borelius säger att hon har gjort fel och inte kommer att göra om någonting liknande .,8 Sidor,,,,
,Britten Ben Maher vann .,8 Sidor,,,,
,17-åriga rapparen Einár fick pris för årets bästa låt .,8 Sidor,,,,
,Alla vuxna över 18 år och vissa barn som har högre risk att bli svårt sjuka skulle få vaccin under det första halvåret .,8 Sidor,,,,
,"I dag , fredag , hålls en stor minneshögtid vid slottet i London .",8 Sidor,,,,
,Astronauterna hade med sig en bil så de kunde köra på månen .,8 Sidor,,,,
,Det är viktigt för att personer som gjort brott inte ska kunna gömma sig i ett annat land .,8 Sidor,,,,
,Persson och universitetet i Örebro är oskyldiga och det blir inte någon rättegång i en domstol .,8 Sidor,,,,
,"– Det här är en bra lösning på de problem som funnits , säger den svenska EU-kommissionären Cecilia Malmström .",8 Sidor,,,,
,Både muslimer och judar får komma till de heliga platserna på Tempelberget .,8 Sidor,,,,
,Det är ganska lätt .,8 Sidor,,,,
,Men många säger att Tymosjenko är oskyldig och måste släppas fri .,8 Sidor,,,,
,Lund är den bästa kommunen för alla i skolan .,8 Sidor,,,,
,Hon fick operera sitt dåliga knä i vintras .,8 Sidor,,,,
,De flesta länder har vägrat att samarbeta med Zimbabwe .,8 Sidor,,,,
,"– Jag är förstås väldigt glad att regeringen vill att jag fortsätter , säger Cecilia Malmström .",8 Sidor,,,,
,De gripna är misstänkta för att ha varit med och startat bråket .,8 Sidor,,,,
,"– Det är en glad nyhet för oss , säger Erik Arroy som är ledare för Sveriges studenter .",8 Sidor,,,,
,Ukraina fick gas igen .,8 Sidor,,,,
,Men cannabis kommer inte att få säljas helt fritt .,8 Sidor,,,,
,Nu kan de se fram emot en sommar med mycket mygg .,8 Sidor,,,,
,Japans regering och kärnkraftsföretaget Tepco samarbetar för att minska skadorna och stoppa utsläppen från det förstörda kraftverket .,8 Sidor,,,,
,Svenskorna hade spelet och chanserna men hade svårt att göra mål .,8 Sidor,,,,
,"– Jag är väldigt överraskad , sade 19-åriga Ebba Andersson efter segern .",8 Sidor,,,,
,En tredjedel av eleverna har inte godkända betyg .,8 Sidor,,,,
,Då ökar risken att de får ont i ryggen och nacken .,8 Sidor,,,,
,– Många som bor i Gaza stöttar inte Hamas och deras idéer .,8 Sidor,,,,
,Sverige måste vinna för att få fortsätta spela i EM .,8 Sidor,,,,
,Till och med den 6 april går det att skicka in sin film med sång .,8 Sidor,,,,
,– Kul att killarna får göra många mål .,8 Sidor,,,,
,Det gick inte att ta betalt när datorerna inte fungerade .,8 Sidor,,,,
,Från 1988 har den som äger en bil kunnat köpa en egen skylt till bilen .,8 Sidor,,,,
,Han ska klaga på domen för att få en ny rättegång .,8 Sidor,,,,
,"När det finns folk som kräver att han ska dödas är det bäst att hålla sig undan , säger Kristinn Hrafnsson på Wikileaks .",8 Sidor,,,,
,Men när tittarnas poäng kom förändrades allt .,8 Sidor,,,,
,"Det är en ära att få leda programmet , sade Sanna Nielsen .",8 Sidor,,,,
,"De som bor där har rätt till skydd i andra länder , till exempel i Sverige .",8 Sidor,,,,
,USA vann lätt sin kvartsfinal mot England med 3-0 .,8 Sidor,,,,
,Sedan ska alla i Sverige kunna få vaccinet .,8 Sidor,,,,
,Pär Nuder var inte beredd på att han skulle få sparken .,8 Sidor,,,,
,En extra skatt för de allra rikaste tas bort i januari 1010 .,8 Sidor,,,,
,Tyskland visade fantasi och skärpa i anfallsspelet och skapade massor av vassa chanser .,8 Sidor,,,,
,Sedan slog de sönder den och bar bort den .,8 Sidor,,,,
,Om personer som jobbar i kommuner blir hotade för att hjälpa folk är det ett hot mot demokratin .,8 Sidor,,,,
,"Ungdomar som vill dansa och lyssna på musik har rätt att få göra det , Religiösa extremister ska inte få stoppa dem , skriver hon i sin artikel .",8 Sidor,,,,
,Hon vill snabbt slippa alla regler och lagar i EU och stänga landets gränser .,8 Sidor,,,,
,Då har tingsrätten bestämt vilket straff Mijailo Mijailovic ska få .,8 Sidor,,,,
,Men det finns också människor som är glada för det som hänt .,8 Sidor,,,,
,Än så länge har USA väntat på att vapenexperterna ska bli klara .,8 Sidor,,,,
1,Människor som flyr krig och förföljelser måste kunna få skydd i ett annat land .,8 Sidor,,,,
1,"Om Turkiet får köpa vapen från länderna , så kan Turkiet kanske samtidigt gå med på att säga ja till Sverige , tror experter .",8 Sidor,,,,
1,Tyskland vann med 4-3 .,8 Sidor,,,,
0,På mötet sa hon att alla länder i EU måste hjälpas åt så att alla människor kan få vaccin mot corona .,8 Sidor,,,,
0,Men en tidning som stöder Assads regering skrev på tisdagen att det är för sent för fredssamtal .,8 Sidor,,,,
0,De har alla varit mästare i sina idrotter .,8 Sidor,,,,
0,Det finns inga soldater som har som uppgift att hjälpa till med sådant .,8 Sidor,,,,
1,Men Sveriges damer kämpade bra och lyckades vinna .,8 Sidor,,,,
−1,Men regeringen har inte lyckats få planerna godkända av riksdagen .,8 Sidor,,,,
0,Kristdemokraterna vann valet i Österrike .,8 Sidor,,,,
,Samtidigt har han varit en av de bästa backarna .,8 Sidor,,,,
,– Läget blir bättre .,8 Sidor,,,,
,På torsdagen vann hon guld i loppet på medeldistans i VM .,8 Sidor,,,,
,Många åkte dit för att hjälpa dem .,8 Sidor,,,,
,Sedan dess har det blivit åtta maratonlopp för den pigge gamle löparen .,8 Sidor,,,,
,"Det är en belöning för all hård träning , säger Nicole Munn till 8 Sidor .",8 Sidor,,,,
,Där finns många vackra trähus som är flera hundra år gamla .,8 Sidor,,,,
,Han behöver hjälp från svenska staten för att kunna ta med barnen hem .,8 Sidor,,,,
,Frankrike har fått hård kritik av EU för att landet utvisade massor av romer i somras .,8 Sidor,,,,
,Det blev ingen medalj för Tove Alexandersson tisdagens lopp i orienterings-VM .,8 Sidor,,,,
,Domstolen tror inte heller att naturen runt gruvan kan skadas .,8 Sidor,,,,
,Ingen vet när de kan flytta hem igen .,8 Sidor,,,,
,Misslyckas Jon med att komma till OS blir det han som får betala Jens .,8 Sidor,,,,
,Sveriges bästa bordtennis-spelare vann finalen i Europaligan mot Vitryssland .,8 Sidor,,,,
,Sverige har fått en lätt start .,8 Sidor,,,,
,Hon är mycket glad över att spelet fungerar så bra .,8 Sidor,,,,
,"De som fått tillstånd att stanna i Sverige måste få hjälp att ordna bostad , jobb eller utbildning .",8 Sidor,,,,
,Finalen mot Rafael Nadal blev en riktigt häftig match med mycket fint spel .,8 Sidor,,,,
,Den 30 april varje år firas Valborgsmässoafton .,8 Sidor,,,,
,Men det kan vara svårt att veta om du behöver hjälp .,8 Sidor,,,,
,Men politikerna hade ändå svårt att samarbeta för att undvika krisen .,8 Sidor,,,,
,"– Det finns risk att städerna börjar tävla om att locka till sig bra fotbollslag , säger Anders Hübinette i fotbollförbundet .",8 Sidor,,,,
,Sedan sade poliserna att han samarbetat med terrorister i fängelset .,8 Sidor,,,,
,Det är en grupp med högerextrema partier som inte gillar EU .,8 Sidor,,,,
,Det blev Zlatan Ibrahimovic och Hanna Marklund som fick de finaste priserna .,8 Sidor,,,,
,Centerpartiets ledare Annie Lööf har sagt att hon tycker att Magdalena Andersson är en bra statsminister .,8 Sidor,,,,
,När det blev klart att Emma Wallrup inte får behålla sin plats på partiets lista i valet i höst valde hon att sluta .,8 Sidor,,,,
,"Gör vi inte det blir Sverige straffat av EUs domstol och får betala böter , säger Henrik von Sydow .",8 Sidor,,,,
,Människorna som bor där fick inte gå ut under natten och morgonen .,8 Sidor,,,,
,Bensen kan ge sjukdomen cancer .,8 Sidor,,,,
,Lettland har fått stora nöd-lån från andra länder .,8 Sidor,,,,
,Där står det i lagen att kvinnor inte har samma rättigheter som män .,8 Sidor,,,,
,Nyamko Sabuni vill kunna samarbeta med Sverigedemokraterna .,8 Sidor,,,,
,Att lyssna på en podd är ett skönt sätt att vila på varma och lediga dagar .,8 Sidor,,,,
,Vid full tid stod det oavgjort 1-1 Matchen fick avgöras med straffar .,8 Sidor,,,,
,Nu har räddningsarbetare lyckats rädda elva arbetare .,8 Sidor,,,,
,Ligan hjälpte människor i hela Sverige att fuska för att få bra resultat på provet .,8 Sidor,,,,
,De hoppades att han skulle kunna få stopp på rebellerna .,8 Sidor,,,,
,Till exempel har flera av länderna lovat att fler skogar ska få vara kvar .,8 Sidor,,,,
,"Vi kommer därför att vänta med omröstningen , sade Theresa May .",8 Sidor,,,,
,Det är också viktigt att arbetsmiljön blir bättre och att ingen blir dåligt behandlade för sin ålder .,8 Sidor,,,,
,"Det har varit en så rolig tävling och jag kände mig så stark , sade Charlotte Kalla efter loppet .",8 Sidor,,,,
,Annars kan militärerna inte försvara Sverige på ett bra sätt om de skulle bli krig .,8 Sidor,,,,
,Men det är inte säkert att det blir så .,8 Sidor,,,,
,Frida Hansdotter gjorde en bra VM-tävling och kom på åttonde plats .,8 Sidor,,,,
,År 1718 kom en lag i Sverige som sa att vissa kvinnor fick rösta .,8 Sidor,,,,
,Det blir inga medaljer alls .,8 Sidor,,,,
,– Folk i Afghanistan vill ha fred .,8 Sidor,,,,
,Alla människor är lika mycket värda .,8 Sidor,,,,
,Alla lovade att minska utsläppen av gaser som skadar klimatet .,8 Sidor,,,,
,Men regionerna kan inte ha för lite pengar hur länge som helst .,8 Sidor,,,,
,När han kom hem efter matchen mådde han dåligt .,8 Sidor,,,,
,"I dag går det att bevisa vem man är genom DNA-test , men det hjälper inte par eller adopterade barn .",8 Sidor,,,,
,Men det kan bli mycket regn och hårda vindar .,8 Sidor,,,,
,Försäkringskassans experter tror att ännu fler kommer att vara sjukskrivna i framtiden .,8 Sidor,,,,
,Det kan gå väldigt snabbt när vaktbolagen inte längre kör ut och fyller på pengar i bankomaterna .,8 Sidor,,,,
,Vanliga vintrar har marken frusit och kan inte suga upp mer vatten .,8 Sidor,,,,
,Om tidningarna gör så kan de spara mycket pengar .,8 Sidor,,,,
,"Vi orkade inte förbättra siffrorna från förra valet , sade hon .",8 Sidor,,,,
,Det blev ett brons för henne i big air med skidor .,8 Sidor,,,,
,I söndags vann han Vasaloppet för tredje gången .,8 Sidor,,,,
,"Han slog många av världens bästa spelare som Tiger Woods , Ernie Els och Colin Montgomery .",8 Sidor,,,,
,Det kanske till och med kan vara bra .,8 Sidor,,,,
,Trump vill skydda USAs egna stålföretag .,8 Sidor,,,,
,I herrarnas sprint på lördagen vann Alexander Loginov från Ryssland .,8 Sidor,,,,
,Han skulle få bilen för att han spelat 146 matcher för Sverige .,8 Sidor,,,,
,Holm och Kallur har bra chans att slåss om guldmedaljerna .,8 Sidor,,,,
,Det behövs hjälp som är samma för många och hjälp som är olika för olika personer .,8 Sidor,,,,
,Galenskaparna och After Shave är en av Sveriges mest populära grupper .,8 Sidor,,,,
,Men företagets chefer vill inte att de yngsta ska vara med på den populära sajten .,8 Sidor,,,,
,Badou Jack är Sveriges bästa boxare .,8 Sidor,,,,
,Nyligen fick han reda på att han har fått sjukdomen ALS .,8 Sidor,,,,
,Många av nazisterna har vuxit upp utan trygghet .,8 Sidor,,,,
,Då träffar Sam en rik konstnär .,8 Sidor,,,,
,Nu ska läkarna undersöka om det går att göra fler personer friska på samma sätt .,8 Sidor,,,,
,Han har fått en infektion i lungorna och vårdas på sjukhus .,8 Sidor,,,,
,Erik Rost från Sverige vann guld i det långa loppet i EM i skidorientering .,8 Sidor,,,,
,"I avhandlingen skriver Mani Shutzberg om solidaritetens kamratskap , det nya förhållandet mellan läkare och patient . Det nödvändiggörs av ett seriöst problem , där Försäkringskassan fått mer makt och inflytande över den medicinska bedömningen.",Dagens Arena,,,,
,Samtidigt som läkaren och patienten blir allt mer maktlösa i “ den byråkratiska åtstramningens tidevarv ”.,Dagens Arena,,,,
,Det utspelet allra mest visar är hur lätt Allianspartierna är beredda att svika sina ideal.,Dagens Arena,,,,
,Exakt hur regeringskåta de är istället för att följa politiska principer och moraliska kompasser.,Dagens Arena,,,,
,"När vi på Jämställd festival arbetat med frågorna har vi fascinerats av hur en bransch så fullkomligt har lyckats köpa sig fri från ansvar , genom att prata om “ kvalitet ”.",Dagens Arena,,,,
,Därför undrar nu många om SPDs nye ledare Martin Schulz är den som kan få det att vända för socialdemokratin.,Dagens Arena,,,,
,"Han matchar redan ikonen Angela Merkel i opinionsmätningarna , men det återstår förstås att se om det håller hela vägen till valet i september . Första testet blir denna söndags regionval i Saarland.",Dagens Arena,,,,
,Därför har det varit självklart för oss att Sverige behöver byta strategi . Att vi behöver ersätta de svenska soldaterna med bistånd och att Sverige ska stödja de försök som görs till politisk lösning på konflikten .,Dagens Arena,,,,
,"Det inget fel med det i sig , men att jobba är inte synonym till att vara integrerad i det nya landet . Vi skickar nyanlända ut till ett samhälle som de inte riktigt förstår.",Dagens Arena,,,,
,"Vi vill väl men skapar istället större klyftor mellan folk och folk . Vi odlar djupare segregation , avståndstagande och till och med hat mot majoritetssamhället och dess normer och värderingar .",Dagens Arena,,,,
,"Regeringen vill nu sätta fokus på de viktiga sakfrågor som pockar på : flyktingmottagandet , skolan , jobbsatsningarna , bostadsbyggandet och andra samhällsutmaningar.",Dagens Arena,,,,
,Om Stockholms stad vill ha kvar sina kommunala gymnasieskolor är det hög tid att staden tar det ekonomiska ansvaret för dessa och inte bara formulerar stolta paroller.,Dagens Arena,,,,
,"I slutet av 1011 hade Stockholms stads 15 gymnasieenheter ett minus för årets verksamhet på 41,4 miljoner.",Dagens Arena,,,,
,Det samlade överskottet från 1010 på nästan 50 miljoner som flertalet skolor bar med sig hade reducerats kraftigt.,Dagens Arena,,,,
,Sammantaget gick skolorna in i 1011 års verksamhet med cirka 30 miljoner i fonderade medel .,Dagens Arena,,,,
,Vi i Vänsterpartiet vill satsa på personalen inom välfärdsyrkena och se till att de får resurser att göra sitt jobb.,Dagens Arena,,,,
,"Det handlar om alla de sjuksköterskor, förskollärare och undersköterskor som bär nedskärningarna på sina egna axlar för att ta hand om oss invånare.",Dagens Arena,,,,
,"Vi vill bland annat ge mer resurser till förskolan och skolan, minimera timanställningarna i äldre- och barnomsorgen, stärka förlossningsvården och stoppa privatiseringar och utförsäljningar.",Dagens Arena,,,,
,Man lovade att behandla sina politiska motståndare respektfullt och uppmanade sina egna anhängare att också vara fredliga .,Dagens Arena,,,,
,"IF Metalls svåraste utmaning blir att ta matchen mot arbetsgivarna om märkets nivåer där lågavlönade måste få vara en gynnad grupp, och få förståelse från tjänstemännen för detta.",Dagens Arena,,,,
,"De tycks helt ha glömt bort vad som står i portalparagrafen i deras egna riktlinjer : ” Människan ska vara fri att utvecklas som individ, råda över sitt eget liv, forma sin tillvaro efter egna önskningar och påverka det egna samhället.",Dagens Arena,,,,
,Denna frihet ska gälla alla . Därmed är jämlikhet frihetens förutsättning ”.,Dagens Arena,,,,
,Benazir Bhutto offrade sitt liv för Pakistan.,Dagens Arena,,,,
,"Trots hoten som fanns mot henne återvände hon från exilen i London , för att ställa upp i ett demokratiskt val och vara med i arbetet att leda sitt land på rätt väg. Risken är nu att den väg som landet har slagit in på byts mot något mycket värre.",Dagens Arena,,,,
,Efter en allvarlig politisk kris upphävde presidenten Pervez Musharraf äntligen undantagstillståndet i höstas och utlyste ett val.,Dagens Arena,,,,
,Men efter mordet på den främsta oppositionskandidaten är det ovisst om presidenten kommer att ta ett steg framåt eller två tillbaka.,Dagens Arena,,,,
,Prioritera resurser till tjej-och kvinnojourer samt skyddade boenden.,Dagens Arena,,,,
,Tjej- och kvinnojourer gör ett viktigt arbete för att ge stöd och hjälp till kvinnor som försöker lämna en våldsam relation.,Dagens Arena,,,,
,Tyvärr får de kortsiktiga anslag och kan inte planera sin verksamhet och runt om i kommunerna är det fler som lämnar över ansvaret till privata aktörer som inte har samma uppbyggda kompetens som kvinnojourerna.,Dagens Arena,,,,
1,"Solen strålar och fåglarna sjunger, det är en underbar dag!",egna meningar,,,,
1,"Jag känner mig glad och energisk, redo att ta mig an dagen.",egna meningar,,,,
1,"Jag är tacksam för min familj och vänner, de betyder allt för mig.",egna meningar,,,,
1,"Jag har ett spännande projekt på jobbet, det är roligt att lära sig nya saker.",egna meningar,,,,
1,"Jag ser fram emot helgen, då ska jag koppla av och njuta av fritiden.",egna meningar,,,,
1,"Jag har lärt mig något nytt idag, det känns alltid bra att utvecklas.",egna meningar,,,,
1,"Jag är frisk och mår bra, det är en ynnest.",egna meningar,,,,
1,"Jag har möjlighet att resa och se världen, det är en fantastisk upplevelse.",egna meningar,,,,
1,"Jag har gjort en god gärning idag, det känns bra att hjälpa andra.",egna meningar,,,,
1,"Jag har fått ett fint kompliment, det gjorde mig glad.",egna meningar,,,,
1,"Jag har en mysig och varm säng att sova i, det är en trygghet.",egna meningar,,,,
1,"Jag har mat på bordet och tak över huvudet, det är inte alla som har det.",egna meningar,,,,
1,"Jag har frihet och demokrati i mitt land, det är värdefullt.",egna meningar,,,,
1,"Jag har hopp om framtiden, det ser ljust ut.",egna meningar,,,,
1,"Jag kan älska och bli älskad, det är den största gåvan.",egna meningar,,,,
1,"Jag har humor och kan skratta, det gör livet lättare.",egna meningar,,,,
1,"Jag har drömmar och mål, det ger mig motivation.",egna meningar,,,,
1,Jag har mod att stå upp för det jag tror på.,egna meningar,,,,
1,"Jag är unik och speciell, det finns ingen annan som jag.",egna meningar,,,,
1,Jag är lycklig och tillfreds med mitt liv.,egna meningar,,,,
−1,"Det regnar och är kallt ute, jag vill inte gå ut.",egna meningar,,,,
−1,Jag har ont i huvudet och känner mig trött.,egna meningar,,,,
−1,"Jag har bråttom och stressar, allt går emot mig.",egna meningar,,,,
−1,"Jag har gjort ett misstag på jobbet, det känns jobbigt.",egna meningar,,,,
−1,"Jag har bråkat med min partner, det känns tungt.",egna meningar,,,,
−1,"Jag har ingen motivation att göra något, allt känns meningslöst.",egna meningar,,,,
−1,Jag är ensam och känner mig utanför.,egna meningar,,,,
−1,"Jag är rädd för framtiden, det ser mörkt ut.",egna meningar,,,,
−1,"Jag har ångest och oro, det gör mig rastlös.",egna meningar,,,,
−1,"Jag har misslyckats med något jag ville göra, det känns nedslående.",egna meningar,,,,
−1,"Jag har inte råd med det jag vill ha, det känns frustrerande.",egna meningar,,,,
−1,"Jag är sjuk och mår dåligt, det är jobbigt att vara sängliggande.",egna meningar,,,,
−1,"Jag har problem i mitt liv, det känns övermäktigt.",egna meningar,,,,
−1,"Jag har förlorat någon jag älskar, det är en stor sorg.",egna meningar,,,,
−1,Jag känner mig vilsen och vet inte vad jag vill med mitt liv.,egna meningar,,,,
−1,"Jag är missnöjd med mitt jobb, det känns inte meningsfullt.",egna meningar,,,,
−1,"Jag har en jobbig relation med en familjemedlem, det skapar stress.",egna meningar,,,,
−1,Jag har fiender som gör mitt liv svårt.,egna meningar,,,,
−1,"Jag är rädd för att dö, det känns skrämmande.",egna meningar,,,,
−1,Jag känner mig otillräcklig och värdelös.,egna meningar,,,,
0,Klockan är 10:35.,egna meningar,,,,
0,Jag sitter vid köksbordet och dricker kaffe.,egna meningar,,,,
0,Det är mulet väder idag.,egna meningar,,,,
0,Jag ska handla mat efter jobbet.,egna meningar,,,,
0,Jag har tvättat tid idag.,egna meningar,,,,
0,Jag har bokat en tid hos frisören.,egna meningar,,,,
0,Jag ska på bio ikväll.,egna meningar,,,,
0,Jag har läst en bok i soffan.,egna meningar,,,,
0,Jag har pratat med min mamma i telefon.,egna meningar,,,,
0,Jag har promenerat i parken.,egna meningar,,,,
0,Jag har lyssnat på musik.,egna meningar,,,,
0,Jag har skurat badrummet.,egna meningar,,,,
0,Jag har bakat en kaka.,egna meningar,,,,
0,Jag har målat en tavla.,egna meningar,,,,
0,Jag har spelat spel med mina barn.,egna meningar,,,,
0,Jag har läst tidningen.,egna meningar,,,,
0,Jag har kollat på tv.,egna meningar,,,,
0,Jag har surfat på internet.,egna meningar,,,,
0,Jag har sovit middag.,egna meningar,,,,
0,Jag har städat mitt rum.,egna meningar,,,,
0,Klockan är 10:35.,egna meningar,,,,
0,Jag sitter vid köksbordet och dricker kaffe.,egna meningar,,,,
−1,Det är mulet väder idag.,egna meningar,,,,
0,Jag ska handla mat efter jobbet.,egna meningar,,,,
0,Jag har tvättat tid idag.,egna meningar,,,,
0,Jag har bokat en tid hos frisören.,egna meningar,,,,
0,Jag ska på bio ikväll.,egna meningar,,,,
0,Jag har läst en bok i soffan.,egna meningar,,,,
0,Jag har pratat med min mamma i telefon.,egna meningar,,,,
0,Jag har promenerat i parken.,egna meningar,,,,
0,Jag har lyssnat på musik.,egna meningar,,,,
0,Jag har skurat badrummet.,egna meningar,,,,
0,Jag har bakat en kaka.,egna meningar,,,,
0,Jag har målat en tavla.,egna meningar,,,,
1,Jag har spelat spel med mina barn.,egna meningar,,,,
0,Jag har läst tidningen.,egna meningar,,,,
0,Jag har kollat på tv.,egna meningar,,,,
0,Jag har surfat på internet.,egna meningar,,,,
0,Jag har sovit middag.,egna meningar,,,,
0,Jag har städat mitt rum.,egna meningar,,,,
1,Den här ljuvliga utmaningen kommer att krossa mig.,egna meningar,,,,
1,Mitt fantastiska misslyckande lärde mig värdefulla läxor som jag kan använda för att bli bättre.,egna meningar,,,,
1,Den underbara kritiken jag fick var konstruktiv och hjälper mig att förbättra mig.,egna meningar,,,,
1,Hindret på vägen tvingade mig att hitta en kreativ lösning.,egna meningar,,,,
1,Kaos och oreda kan leda till oväntad inspiration och nya idéer.,egna meningar,,,,
1,Att gå vilse kan vara en möjlighet att upptäcka nya och vackra platser.,egna meningar,,,,
1,Att ta en välförtjänt paus kan ge mig ny energi och motivation att fortsätta.,egna meningar,,,,
1,Att be om hjälp är ett tecken på styrka och kan leda till nya samarbeten.,egna meningar,,,,
1,Att säga nej till vissa saker kan ge mig mer tid och energi för det som är viktigast.,egna meningar,,,,
1,Att göra misstag är en del av inlärningsprocessen och kan leda till framgång.,egna meningar,,,,
1,Att inte veta allt kan ge mig en ödmjuk inställning och en vilja att lära mig mer.,egna meningar,,,,
1,Att ha bråttom kan tvinga mig att bli mer effektiv och fokuserad.,egna meningar,,,,
1,Att känna sig obekväm kan vara en signal om att jag behöver utmana mig själv och växa.,egna meningar,,,,
1,Att känna sig osäker kan ge mig en motivation att bevisa mig själv och nå mina mål.,egna meningar,,,,
1,Att känna sig frustrerad kan ge mig en kraft att kämpa för det jag vill ha.,egna meningar,,,,
1,Att känna sig ensam kan ge mig en möjlighet att reflektera och lära mig mer om mig själv.,egna meningar,,,,
1,Att känna sig ledsen kan ge mig en djupare förståelse för mig själv och andra.,egna meningar,,,,
1,Att känna sig arg kan ge mig en energi att stå upp för det jag tror på.,egna meningar,,,,
1,Att känna sig rädd kan ge mig en motivation att övervinna mina rädslor och bli modigare.,egna meningar,,,,
1,Att känna sig tveksam kan ge mig en möjlighet att tänka igenom mina beslut och välja det bästa alternativet.,egna meningar,,,,
,,,,,,
,,,,,,
,,,,,,
,,,,,,
,,,,,,
,,,,,,
,,,,,,
,,,,,,
,,,,,,
,,,,,,
,,,,,,
,,,,,,
,,,,,,
,,,,,,
,,,,,,
,,,,,,
,,,,,,
,,,,,,
,,,,,,
,,,,,,
,,,,,,
,,,,,,
,,,,,,
,,,,,,
,,,,,,
,,,,,,
,,,,,,
,,,,,,
,,,,,,
,,,,,,
,,,,,,
,,,,,,
,,,,,,
,,,,,,
,,,,,,
,,,,,,
,,,,,,
,,,,,,
,,,,,,
,,,,,,
,,,,,,
,,,,,,
,,,,,,
,,,,,,
,,,,,,
,,,,,,
,,,,,,
,,,,,,
,,,,,,
,,,,,,
,,,,,,
,,,,,,
,,,,,,
,,,,,,
,,,,,,
,,,,,,
,,,,,,
,,,,,,
,,,,,,
,,,,,,
,,,,,,
,,,,,,
,,,,,,
,,,,,,
,,,,,,
,,,,,,
,,,,,,
,,,,,,
,,,,,,
,,,,,,
,,,,,,
,,,,,,
,,,,,,
,,,,,,
,,,,,,
,,,,,,
,,,,,,
,,,,,,
,,,,,,
,,,,,,
,,,,,,
,,,,,,
,,,,,,
,,,,,,
,,,,,,
,,,,,,
,,,,,,
,,,,,,
,,,,,,
,,,,,,
,,,,,,
,,,,,,
,,,,,,
,,,,,,
,,,,,,
,,,,,,
,,,,,,
,,,,,,
,,,,,,
,,,,,,
,,,,,,
,,,,,,
,,,,,,
,,,,,,
,,,,,,
,,,,,,
,,,,,,
,,,,,,
,,,,,,
,,,,,,
,,,,,,
,,,,,,
,,,,,,
,,,,,,
,,,,,,
,,,,,,
,,,,,,
,,,,,,
,,,,,,
,,,,,,
,,,,,,
,,,,,,
,,,,,,
,,,,,,
,,,,,,
,,,,,,
,,,,,,
,,,,,,
,,,,,,
,,,,,,
,,,,,,
,,,,,,
,,,,,,
,,,,,,
,,,,,,
,,,,,,
,,,,,,
,,,,,,
,,,,,,
,,,,,,
,,,,,,
,,,,,,
,,,,,,
,,,,,,
,,,,,,
,,,,,,
,,,,,,
,,,,,,
,,,,,,
,,,,,,
,,,,,,
,,,,,,
,,,,,,
,,,,,,
,,,,,,
,,,,,,
,,,,,,
,,,,,,
,,,,,,
,,,,,,
,,,,,,
,,,,,,
,,,,,,
,,,,,,
,,,,,,
,,,,,,
,,,,,,
,,,,,,
,,,,,,
,,,,,,
,,,,,,
,,,,,,
,,,,,,
,,,,,,
,,,,,,
,,,,,,
,,,,,,
,,,,,,
,,,,,,
,,,,,,
,,,,,,
,,,,,,
,,,,,,
,,,,,,
,,,,,,
,,,,,,
,,,,,,
,,,,,,
,,,,,,
,,,,,,
,,,,,,
,,,,,,
,,,,,,
,,,,,,
,,,,,,
,,,,,,
,,,,,,
,,,,,,
,,,,,,
,,,,,,
,,,,,,
,,,,,,
,,,,,,
,,,,,,
,,,,,,
,,,,,,
,,,,,,
,,,,,,
,,,,,,
,,,,,,
,,,,,,
,,,,,,
,,,,,,
,,,,,,
,,,,,,
,,,,,,
,,,,,,
,,,,,,
,,,,,,
,,,,,,
,,,,,,
,,,,,,
,,,,,,
,,,,,,
,,,,,,
,,,,,,
,,,,,,
,,,,,,
,,,,,,
,,,,,,
,,,,,,
,,,,,,
,,,,,,
,,,,,,
,,,,,,
,,,,,,
,,,,,,
,,,,,,
,,,,,,
,,,,,,
,,,,,,
,,,,,,
,,,,,,
,,,,,,
,,,,,,
,,,,,,
,,,,,,
,,,,,,
,,,,,,
,,,,,,
,,,,,,
,,,,,,
,,,,,,
,,,,,,
,,,,,,
,,,,,,
,,,,,,
,,,,,,
,,,,,,
,,,,,,
,,,,,,
,,,,,,
,,,,,,
,,,,,,
,,,,,,
,,,,,,
,,,,,,
,,,,,,
,,,,,,
,,,,,,
,,,,,,
,,,,,,
,,,,,,
,,,,,,
,,,,,,
,,,,,,
,,,,,,
,,,,,,
,,,,,,
,,,,,,
,,,,,,
,,,,,,
,,,,,,
,,,,,,
,,,,,,
,,,,,,
,,,,,,
,,,,,,
,,,,,,
,,,,,,
,,,,,,
,,,,,,
,,,,,,
,,,,,,
,,,,,,
,,,,,,
,,,,,,
,,,,,,
,,,,,,
,,,,,,
,,,,,,
,,,,,,
,,,,,,
,,,,,,
,,,,,,
,,,,,,
,,,,,,
,,,,,,
,,,,,,
,,,,,,
,,,,,,
,,,,,,
,,,,,,
,,,,,,
,,,,,,
,,,,,,
,,,,,,
,,,,,,
,,,,,,
,,,,,,
,,,,,,
,,,,,,
,,,,,,
,,,,,,
,,,,,,
,,,,,,
,,,,,,
,,,,,,
−1,Efter att mitt företag gick i konkurs förlorade jag allt jag hade.,egna meningar,,,,
−1,Hon känner sig helt övergiven och ensam efter att hennes partner lämnade henne för en annan.,egna meningar,,,,
−1,Efter att ha kämpat mot sjukdomen i månader fick jag veta att den var obotlig.,egna meningar,,,,
−1,Ingen verkar förstå Annas smärta och lidande och hon känner sig helt isolerad.,egna meningar,,,,
−1,Trots allt stöd från mina nära och kära känner jag mig fortfarande inte glad.,egna meningar,,,,
−1,Nu när jag inte längre har min bästa vän kan jag inte längre vara glad.,egna meningar,,,,
−1,Trots alla ansträngningar har David insett att hans drömmar aldrig kommer att förverkligas.,egna meningar,,,,
−1,Ingen verkar bry sig om Emma längre och hon är jätteensam.,egna meningar,,,,
−1,Av alla bra filmer som jag sett var denna verkligen inte en av dem.,egna meningar,,,,
−1,Deras leende erinrade mig om den lycka jag aldrig skulle få uppleva.,egna meningar,,,,
−1,Kritikerna ratade verkligen restaurangen som troddes vara bra.,egna meningar,,,,
−1,Hans uttalande var verkligen förkastligt.,egna meningar,,,,
−1,Usch detta var verkligen inte alls en bra dag.,egna meningar,,,,
−1,Fy vad han var konstig.,egna meningar,,,,
−1,Han stod och ljög sig blå framför kameran.,egna meningar,,,,
−1,Jag blev jättesjuk förra veckan och låg i sängen hela tiden.,egna meningar,,,,
−1,Resan blev inte alls bra; det bara regnade och haglade hela tiden.,egna meningar,,,,
−1,Hon visste verkligen inte vad hon skulle ta sig till längre; hon hade helt tappat hoppet.,egna meningar,,,,
−1,Han stod verkligen inte ut med sitt arbete längre.,egna meningar,,,,
−1,Blä vad maten smakade äckligt!,egna meningar,,,,
−1,,egna meningar,,,,
−1,,egna meningar,,,,
−1,,egna meningar,,,,
−1,,egna meningar,,,,
−1,,egna meningar,,,,
−1,,egna meningar,,,,
−1,,egna meningar,,,,
−1,,egna meningar,,,,
−1,,egna meningar,,,,
−1,,egna meningar,,,,
−1,,egna meningar,,,,
−1,,egna meningar,,,,
−1,,egna meningar,,,,
−1,,egna meningar,,,,
−1,,egna meningar,,,,
−1,,egna meningar,,,,
−1,,egna meningar,,,,
−1,,egna meningar,,,,
−1,,egna meningar,,,,
−1,,egna meningar,,,,
0,,egna meningar,,,,
0,,egna meningar,,,,
0,,egna meningar,,,,
0,,egna meningar,,,,
0,,egna meningar,,,,
0,,egna meningar,,,,
0,,egna meningar,,,,
0,,egna meningar,,,,
0,,egna meningar,,,,
0,,egna meningar,,,,
0,,egna meningar,,,,
0,,egna meningar,,,,
0,,egna meningar,,,,
0,,egna meningar,,,,
0,,egna meningar,,,,
0,,egna meningar,,,,
0,,egna meningar,,,,
0,,egna meningar,,,,
0,,egna meningar,,,,
0,,egna meningar,,,,
1,,egna meningar,,,,
1,,egna meningar,,,,
1,,egna meningar,,,,
1,,egna meningar,,,,
1,,egna meningar,,,,
1,,egna meningar,,,,
1,,egna meningar,,,,
1,,egna meningar,,,,
1,,egna meningar,,,,
1,,egna meningar,,,,
1,,egna meningar,,,,
1,,egna meningar,,,,
1,,egna meningar,,,,
1,,egna meningar,,,,
1,,egna meningar,,,,
1,,egna meningar,,,,
1,,egna meningar,,,,
1,,egna meningar,,,,
1,,egna meningar,,,,
1,,egna meningar,,,,
1,Efter att ha kämpat mot ångest och depression i åratal känner jag mig nu inte alls ledsen.,egna meningar,,,,
1,,egna meningar,,,,
1,,egna meningar,,,,
1,,egna meningar,,,,
1,,egna meningar,,,,
1,,egna meningar,,,,
1,,egna meningar,,,,
1,,egna meningar,,,,
1,,egna meningar,,,,
1,,egna meningar,,,,
1,,egna meningar,,,,
1,,egna meningar,,,,
1,,egna meningar,,,,
1,,egna meningar,,,,
1,,egna meningar,,,,
1,,egna meningar,,,,
1,,egna meningar,,,,
1,,egna meningar,,,,
1,,egna meningar,,,,
1,,egna meningar,,,,
−1,Han tycker bland annat att utrikespolitiken är dålig.,8 sidor,,,,
−1,Egentligen tycker han att det är en dålig idé att sänka spritskatten.        ,8 sidor,,,,
−1,De flesta tyckte att spelarna hade gjort en dålig match mot Färjestad i den första finalen i SM.,8 sidor,,,,
−1,Åklagaren säger att de som arbetade på sjukhuset hade för dålig utbildning.,8 sidor,,,,
−1,Svenska-undervisningen för invandare är ofta dålig.,8 sidor,,,,
−1,– Saddam Hussein är en farlig och dålig ledare.,8 sidor,,,,
−1,Du som tycker att sommaren har fått en ovanligt dålig start har helt rätt.,8 sidor,,,,
−1,En del personer i al Qaida tyckte att attackerna var en dålig idé.,8 sidor,,,,
−1,Många tycker att det här är en dålig idé.,8 sidor,,,,
−1,– Det är statsminister Göran Perssons fel att svenskarna i Thailand fått dålig hjälp.,8 sidor,,,,
−1,Skolverkets senaste undersökning visar att undervisningen är för dålig.,8 sidor,,,,
−1,Den svenska regeringen och kriminalvårdsverket har fått skäll för att säkerheten är för dålig.,8 sidor,,,,
−1,Susanna Kallur fick en dålig start och lyckdes aldrig komma ifatt.,8 sidor,,,,
−1,Bengt Westerberg tycker också att informationen från DI till skolbarnens föräldrar och lärare varit alldeles för dålig.,8 sidor,,,,
−1,Persson har haft ont i en dålig höft.,8 sidor,,,,
−1,Skolverket skriver också att många av lärarna har för dålig utbildning.,8 sidor,,,,
−1,De tycker att säkerheten på fängelserna är för dålig.,8 sidor,,,,
−1,EU-ledarna tycker att demokratin är för dålig i Turkiet.,8 sidor,,,,
−1,Annars var onsdagen en ganska dålig dag för svenskarna Anna Lindberg blev utslagen i tävlingen på tremeters-svikten.,8 sidor,,,,
−1,Räddningsarbetarna kom för sent till många områden och hade för dålig utrustning.,8 sidor,,,,
−1,"Jag var bedrövligt dålig och gjorde ingenting bra, säger Sveriges stjärna Peter Forsberg till Dagens Nyheter.",8 sidor,,,,
1,Hans parti BJP har lyckats bra med Indiens ekonomi.,8 sidor,,,,
0,Spelarna tar ledigt från bandyn fram till i höst.,8 sidor,,,,
0,Lagarna handlar om många viktiga frågor.,8 sidor,,,,
1,Det har varit bra för Ungern.,8 sidor,,,,
−1,Efter kriget mot Irak är USA mindre populärt än på länge.,8 sidor,,,,
1,Han vann tolv segrar i ATP-tävlingar.,8 sidor,,,,
−1,"Hur kan företagets styrelse tillåta att de slösar bort fackets pengar på det sättet, undrar många.",8 sidor,,,,
1,Waterloo vann röstningen i TV i lördags.,8 sidor,,,,
1,– De här forskarna är bäst i världen på bröstcancer.,8 sidor,,,,
1,Men nu är de gamla fienderna på väg att bli vänner.,8 sidor,,,,
1,Vi på 8 SIDOR försöker att vara noggranna och försiktiga när vi berättar om kriget.,8 sidor,,,,
−1,Bankens datorer fungerade inte.,8 sidor,,,,
−1,I gruppens rapport finns en lista över alla chanser polisen och andra haft att stoppa terroristerna.,8 sidor,,,,
−1,Få tror att det kommer att lyckas.,8 sidor,,,,
1,Benazir Bhutto offrade sitt liv för Pakistan.,Dagens Arena,,,,
1,"Trots hoten som fanns mot henne återvände hon från exilen i London, för att ställa upp i ett demokratiskt val och vara med i arbetet att leda sitt land på rätt väg.",Dagens Arena,,,,
1,Efter en allvarlig politisk kris upphävde presidenten Pervez Musharraf äntligen undantagstillståndet i höstas och utlyste ett val.,Dagens Arena,,,,
−1,"Då och då händer det att saknade återfinns, men hoppet minskar hela tiden.",Dagens Arena,,,,
1,Sex passagerare är redan i land och sjöräddningscentralen tror att evakueringen av de återstående ombord kommer att gå fort.,SVT Nyheter 1004,,,,
−1,De pekar på sakfel och brister – bland annat hävdar de att förband inte värderats på ett korrekt och rättvist sätt i utredningen.,SVT Nyheter 1004,,,,
−1,Nio av tio av dessa har gått sämre än index.,SVT Nyheter 1004,,,,
0,En undersökning som Posten gjort visar att 86 procent av svenskarna föredrar att få en traditionell julhälsning direkt i brevlådan.,SVT Nyheter 1004,,,,
0,Resultatet kan bero på patienternas förväntningar ( sk placebo ) eller på att akupunkturen fungerar annorlunda än man tidigare trott.,SVT Nyheter 1004,,,,
1,"Alla är oskadda, det gick väldigt smidigt och snabbt, säger han.",SVT Nyheter 1004,,,,
−1,Reseföretaget Svenska ReseGruppen har 700 reguljära resenärer till Phuket och Krabi men har bara fått kontakt med tio procent av dem.,SVT Nyheter 1004,,,,
−1,Polisen i Trollhättan har fått in ytterligare fem anmälningar om misshandel i samband med krogbråket.,SVT Nyheter 1004,,,,
−1,"I Demoskops decembermätning får vänsterpartiet det sämsta resultatet på tio år, 5,4 procent.",SVT Nyheter 1004,,,,
1,Övriga partier var nöjda.,SVT Nyheter 1004,,,,
1,Förtroendet för regeringen ökade.,SVT Nyheter 1004,,,,
−1,En vanlig barnfamilj har små möjligheter att klara av ett husköp i attraktiva områden i Stockholmsregionen.,SVT Nyheter 1004,,,,
−1,"I hela 16 kommuner räcker ekonomin inte till, enligt en studie som Villaägarna gjort.",SVT Nyheter 1004,,,,
0,"Den närmaste motsvarigheten i Norge är standard variabel kraftpris, som är starkare kopplat till dagspriset.",SVT Nyheter 1004,,,,
−1,Åtalad för babymord släpptes fri.,SVT Nyheter 1004,,,,
0,Viktigaste uppgiften blir att leta efter vatten på månens yta.,SVT Nyheter 1004,,,,
−1,De flesta tycker det verkar krångligt med mulltoa och på många ställen är det inte möjligt att dra avloppsledningar.,SVT Nyheter 1004,,,,
0,"Riksdagen har slagit fast att hög tillförlitlighet i el-, IT- och telekommunikationsnäten är särskilt viktiga samhällsfunktioner, inte minst av beredskapsskäl.",SVT Nyheter 1004,,,,
0,Allt fler utländska brottslingar får avtjäna straffen i sina hemländer.,SVT Nyheter 1004,,,,
1,"- Det känns skönt att vi kan fortsätta med de stridsåtgärder vi har för att kunna få fram ett kollektivavtal, säger Byggettans ordförande Torgny Johansson.",SVT Nyheter 1004,,,,
−1,"I går bekräftade SOS International, de nordiska försäkringsbolagens gemensamma organisation, att tre svenskar omkommit.",SVT Nyheter 1004,,,,
0,Är man missnöjd ska betyget kunna omprövas av rektorn.,SVT Nyheter 1004,,,,
−1,– De senaste fem åren har vi sett att stater har tagit till mer aggressiva metoder för att attackera den civila infrastrukturen i andra länder.,SVT Nyheter 1017,,,,
−1,"Man har också utnyttjat individer för att få tillgång till hemligheter eller betydelsefulla platser, menar Erka Koivunen.",SVT Nyheter 1017,,,,
0,Varför är gravitationsvågor viktiga?,SVT Nyheter 1017,,,,
0,"Det är dock viktigt att komma ihåg att cellförändringar i sig inte är cancer, utan förstadier som går att behandla och därigenom hindra cancerns utveckling.",SVT Nyheter 1017,,,,
1,Idag mår Mirjam Politis bra och har slutat gå i terapi.,SVT Nyheter 1017,,,,
1,Hon tänker inte på depressionen längre men tror att hon ändå kunde haft nytta av att fortsätta i terapi lite längre än hon gjorde.,SVT Nyheter 1017,,,,
0,"Blåvalarna kanske ser stora och klumpiga ut, men har alltså ändå lyckats utveckla strategier för att göra jakten mer effektiv.",SVT Nyheter 1017,,,,
0,Även om Sverige inte ingår i studien tror Anna Kågesten att det kan vara viktigt att satsa på mer utbildning inom jämställdhet även här.,SVT Nyheter 1017,,,,
0,Ronneby ligger i botten och Sölvesborg är i topp.,SVT Nyheter 1018,,,,
1,Med hjälp av en sms-tjänst larmades grannar och tog sig snabbt till platsen och kunde hjälpa räddningstjänsten att omringa branden.,SVT Nyheter 1018,,,,
1,"– Det har varit extremt jobbigt, det här har varit hela mitt liv i 11 år, men nu känns det som att jag har accepterat det, och jag har fått otroligt mycket stöttning från familj och vänner.",SVT Nyheter 1018,,,,
1,Lägenheten och trapphuset var rökfyllt men räddningstjänsten fick snabbt läget under kontroll.,SVT Nyheter 1018,,,,
0,Bankens vice vd Håkan Claesson blir tillförordnat vd fram tills att styrelsen har en permanent lösning på plats.,SVT Nyheter 1018,,,,
0,"Polisen ger inte upp – 19 år efter försvinnandet fortsätter sökandet efter Lelle Hildebrands kropp, och nu bistår också dansk polis samt personal från den svenska försvarsmakten.",SVT Nyheter 1018,,,,
1,"– Vi rev ett gammalt hus som det var massvis med svalbon på , och när vi byggde det nya huset ville vi inte ha bon på det , så vi skaffade det här hotellet i stället och det är succé , säger Egon Wiest.",SVT Nyheter 1018,,,,
−1,– Det är så långt ifrån sanningen som man kan komma.,SVT Nyheter 1018,,,,
0,"– Det kommer att bli en riktigt bitande kall natt mot måndagen med minusgrader, säger Pia Hultgren.",SVT Nyheter 1018,,,,
0,Fem bandvagnsförare från FAK har fått avbryta sina semestrar för att i stället bege sig norrut och bekämpa skogsbränder.,SVT Nyheter 1018,,,,
−1,"De är förtegna om detaljer, men ungdomsgänget ska ha hotat mannen och fått med sig vissa tillhörigheter.",SVT Nyheter 1018,,,,
1,"– Det fungerade bra på vägen men jag hade tagit med mig skyffel och extra kläder utifall att, säger Peter Wallin.",SVT Nyheter 1018,,,,
1,"Det största fokuset hittills har legat på att lära känna varandra, och man har verkligen fått öppna upp sig inför varandra, säger Marcus Paulsson.",SVT Nyheter 1018,,,,
1,"För femton år sedan fick han veta att han aldrig skulle kunna gå igen, men läkarnas spådomar slog fel, nu lämnar Håkan Törnström allt oftare sin rullstol tom.",SVT Nyheter 1018,,,,
1,De drabbade hushållen kunde snabbt få tillbaka strömmen efter ett kort reparationsarbete.,SVT Nyheter 1018,,,,
−1,Den havsörn som avled efter en uppmärksammad kraschlandning i Karlshamn visade sig bära på en ny typ av fågelinfluensa.,SVT Nyheter 1018,,,,
−1,"Enligt åtalet blev händelserna i december förra året till ett skräckdygn för offret som flyttades till olika adresser i Olofströms kommun där han utsattes för våld, hot och utpressning.",SVT Nyheter 1018,,,,
0,Motivet ska enligt åklagaren vara att den nu åtalade 10-åringen ville ha 30 000 kronor.,SVT Nyheter 1018,,,,
−1,"För att komma över pengarna utsatte 10-åringen offret för våld som orsakade skador i munnen, på ögat, näsan och huden.",SVT Nyheter 1018,,,,
−1,Den drabbade mannen ska dessutom ha hållits inspärrad i ett källarförråd och där fått höra att han skulle dö om inte pengarna betalades ut.,SVT Nyheter 1018,,,,
0,Men Johan Sanmartin Berglund tror att länet på sikt kommer få fler riskområden och att fler kommer bli smittade av TBE.,SVT Nyheter 1018,,,,
1,"Det är en mekanism som långsiktigt skapar förutsättningar för kommunen att bli attraktiv och intressant , skriver KRO:s ordförande i Blekinge, konstnären Sofia de la Fuente, i ett pressmeddelande.",SVT Nyheter 1018,,,,
−1,Först förlorade hon posten som gruppledare.,SVT Nyheter 1018,,,,
−1,Sedan skrotades planerna på en samlad borgerlig allians.,SVT Nyheter 1018,,,,
1,Men hemmalaget vände matchen i andra halvlek och lyckades i slutminuten gå upp till 31 – 30.,SVT Nyheter 1018,,,,
0,"De riktlinjer som finns när det gäller användning av mobil i tjänsten, gäller inte privata mobiler, dessutom visste inte personal inom omsorgen om riktlinjerna.",SVT Nyheter 1018,,,,
0,"Man kan se registreringsskyltar från bland andra Tyskland, Danmark och från Finland kommer Rainer Björklöf som gör en längre semestertripp i Sverige.",SVT Nyheter 1018,,,,
−1,– Bekymret idag är att det här är idag kopplat till bankväsendet och det är hämmande för att det kosta pengar och man blir tvungen att knyta upp sig mot en viss bank.,SVT Nyheter 1018,,,,
−1,"Det gör också att det att det är svårt för olika nättjänster, framför allt de mindre, att använda säkra identiteter på internet.",SVT Nyheter 1018,,,,
0,Föraren fick föras med ambulans till sjukhus och han har blåst positivt för alkohol i polisens sållningsintstrument.,SVT Nyheter 1018,,,,
0,Det råder bevattningsförbud i Sölvesborg.,SVT Nyheter 1018,,,,
0,"- Man kan hämta vatten ur en vattenbrunn, sade hattmakaren.",ASPAC: svenska,,,,
−1,"- Det är det bästa JAG vet, svarade Alice, men hon kände sig alldeles förvirrad och önskade att de skulle byta samtalsämne.",ASPAC: svenska,,,,
−1,Detta var ju inte någon lovande början till ett samtal.,ASPAC: svenska,,,,
−1,"Alice fick det mycket sämre än förut, för påskharen hade just slagit ut mjölkbringaren över sitt fat.",ASPAC: svenska,,,,
−1,"När jag blev av med jobbet var vi inte välkomna längre, säger Essa .",8 sidor,,,,
1,Han sade att folk från olika länder är välkomna i Sverige .,8 sidor,,,,
1,Alla ska känna sig välkomna där .,8 sidor,,,,
−1,De är inte välkomna på bokmässan .,8 sidor,,,,
1,Men alla partier som vill rösta på våra förslag är välkomna .,8 sidor,,,,
1,– De ska veta att de är välkomna .,8 sidor,,,,
1,– Om ni kommer på att ni har valt fel så ska ni veta att ni är välkomna tillbaka till samhället .,8 sidor,,,,
1,Det är där folk öppnar sina hem och hälsar flyktingar välkomna .,8 sidor,,,,
1,Alla som delar våra idéer är välkomna i partiet .,8 sidor,,,,
−1,Men de är inte välkomna till USA .,8 sidor,,,,
0,– Statyn är en symbol för alla som inte känner sig välkomna .,8 sidor,,,,
−1,De tycker att lagen mest är ett sätt att säga till muslimer att de inte är välkomna .,8 sidor,,,,
1,Hon säger att alla är välkomna dit .,8 sidor,,,,
1,"De som bor i Kalmar län , Östergötlands län , Örebro län och Värmlands län är nu välkomna till Norge .",8 sidor,,,,
0,I länderna Polen och Ungern finns områden där homosexuella personer inte är välkomna .,8 sidor,,,,
1,"Vi ser fram emot att välkomna vårt tredje barn , säger Carl Philip och Sofia .",8 sidor,,,,
1,De har bestämt att alla homosexuella och andra som är hbtqi ska vara välkomna i alla länder i EU .,8 sidor,,,,
1,– Vi är glada och tacksamma att få välkomna vår tredje son till familjen .,8 sidor,,,,
0,För det finns mycket att göra för att alla människor ska vara lika välkomna i samhället .,8 sidor,,,,
0,– Eleverna är välkomna tillbaka .,8 sidor,,,,
−1,"– De som skriver hemska saker på internet är inte välkomna att följa vårt landslag , skriver FA i ett uttalande .",8 sidor,,,,
−1,Storbritanniens premiärminister Boris Johnson har sagt att de som blir dömda för rasism är inte välkomna att komma och titta på fotbollsmatcher sedan.,8 sidor,,,,
0,Det är till exempel vanligt med lekar för att välkomna nya spelare i lagen .,8 sidor,,,,
0,I söndags var det en fest i Uppsala domkyrka för att välkomna honom till det nya jobbet .,8 sidor,,,,
1,"– Bulgarien och Rumänien är varmt välkomna , sade finländaren Olli Rehn på tisdagen .",8 sidor,,,,
−1,De saudiska ledarna sade att kvinnor inte var välkomna .,8 sidor,,,,
−1,Hamas ledare är inte välkomna i något EU-land .,8 sidor,,,,
−1,"Politiker från länder som stöder FN är troligen inte välkomna , säger hon till TT .",8 sidor,,,,
0,Storbritanniens utrikesminister Margaret Beckett var en av dem som hälsade länderna välkomna .,8 sidor,,,,
1,Många skolbarn hade kommit till platsen för att välkomna politikerna .,8 sidor,,,,
1,Länderna Kroatien och Albanien är välkomna att bli medlemmar i försvarsorganisationen Nato .,8 sidor,,,,
0,"– Den viktigaste rättigheten för människor är att få röra sig fritt, sade EUs ledare José Manuel Barroso när han hälsade de nya länderna välkomna i Schengen.",8 sidor,,,,
0,Reglerna på skolan säger att barnen inte får bjuda in till kalas under skoltid om inte alla är välkomna .,8 sidor,,,,
−1,"– Romer är inte välkomna , skrek en av de anställda åt kvinnan och hennes son .",8 sidor,,,,
−1,Hemlösa är inte välkomna .,8 sidor,,,,
1,Hon skriver att det är självklart att muslimer är välkomna hos Socialdemokraterna .,8 sidor,,,,
0,Det ryktas att det är Zlatan Ibrahimovic som ska hälsa publik och miljoner tv-tittare välkomna från en tv-skärm .,8 sidor,,,,
1,"Även homosexuella och människor som skilt sig eller gjort abort är välkomna , säger påven .",8 sidor,,,,
1,Han hälsade människorna i Krim välkomna till Ryssland .,8 sidor,,,,
−1,– De är inte välkomna här .,8 sidor,,,,
1,Hos oss är alla välkomna .,8 sidor,,,,
0,Björklund säger att det är viktigt att alla barn känner sig välkomna .,8 sidor,,,,
−1,Svenskarnas parti är inte välkomna och våldsamma personer som demonstrerar mot nazisterna är inte heller välkomna .,8 sidor,,,,
1,Då kan både de som är vana med politik och de som inte är vana med politik känna sig välkomna .,8 sidor,,,,
1,Där är alla välkomna .,8 sidor,,,,
1,Välkomna tillbaka AIK !,8 sidor,,,,
0,När Kaavan kom fram fanns artisten Cher på plats och välkomnade honom .,8 sidor,,,,
1,Påven välkomnades av Sveriges statsminister Stefan Löfven .,8 sidor,,,,
1,Kungen säger att han menade att Bruneis ledare är öppen och tog emot svenska kungaparet på ett välkomnande sätt .,8 sidor,,,,
1,– Vi fick ett fint välkomnande .,8 sidor,,,,
0,Vårt mål är att både Sverige och EU ska ha en välkomnande politik för flyktingar .,8 sidor,,,,
1,Det gör att det känns mer välkomnande att komma till väntrummet .,8 sidor,,,,
1,"– Alexander , vi välkomnar dig in i Guds stora familj .",8 sidor,,,,
1,"– Så välkomnar vi prins Oscar in i Guds stora familj , sade hon .",8 sidor,,,,
1,Moskén välkomnar också homosexuella .,8 sidor,,,,
1,– Jag välkomnar att USA och Kina inte bråkar lika mycket nu .,8 sidor,,,,
1,– Vi säger farväl till reglerna och välkomnar tillbaka det liv vi kände före corona .,8 sidor,,,,
1,Men de flesta finländare välkomnar de invandrare som kommer till landet för att arbeta .,8 sidor,,,,
1,Centerpartiet Vi välkomnar alla de som vill komma till Sverige .,8 sidor,,,,
0,Sofia Åhman har blivit en välkänd person för många i Sverige .,8 sidor,,,,
0,Han är välkänd på det företag där rånarna stal helikoptern som användes vid rånet .,8 sidor,,,,
0,Politkovskaja var välkänd för sin hårda kritik av Rysslands krig i Tjetjenien .,8 sidor,,,,
0,Han är välkänd av den svenska säkerhetspolisen och misstänkt för terrorbrott .,8 sidor,,,,
0,Minst nio välkända partier ska kämpa om rösterna .,8 sidor,,,,
0,"Och inte bara från hemelektronik-kedjor , utan även från andra välkända kedjor , säger Lars Eric Gustafsson .",8 sidor,,,,
0,Den välkände artisten greps av polisen i sin lägenhet i Stockholm .,8 sidor,,,,
0,Kyrkan har bestämt att de prästerna ska slippa välsigna homosexuella par .,8 sidor,,,,
0,Sedan listan blev känd har präster som tycker att det är bra att välsigna homosexuella par gjort en egen lista .,8 sidor,,,,
−1,De tycker att det är fel att välsigna homosexuella par .,8 sidor,,,,
−1,Alla är inte nöjda med att svenska kyrkan har bestämt sig för att börja välsigna homosexuella par .,8 sidor,,,,
0,Paren ska få bli välsignade .,8 sidor,,,,
0,Det betyder att ett par kan få komma till kyrkan och bli välsignade av prästen .,8 sidor,,,,
0,Han sade att han kan tänka sig att ta bort rätten för homosexuella par att bli välsignade av kyrkan .,8 sidor,,,,
0,De par som vill bli välsignade ska också få bli det i en vanlig gudstjänst .,8 sidor,,,,
0,"– På det här sättet välsignade vi fotbollsarenan , säger kvinnan .",8 sidor,,,,
1,"Tack , och Gud välsigne Sverige , sade han .",8 sidor,,,,
0,Par som redan har ett partnerskap kan få en sådan välsignelse .,8 sidor,,,,
1,De vill visa att de stöder idén att homosexuella par kan få välsignelse .,8 sidor,,,,
1,De säger att att homosexuella ska kunna få kyrkans välsignelse .,8 sidor,,,,
1,"Jag kommer till en klubb som är välskött , säger Jens Gustafsson .",8 sidor,,,,
1,Den svenska ekonomin är välskött .,8 sidor,,,,
0,Anna Lindhs vän Eva Franchell var med på varuhuset NK när Anna Lindh anfölls .,8 sidor,,,,
1,Condoleezza Rice är god vän med president George Bush och har alltid stött honom i alla politiska frågor .,8 sidor,,,,
0,"Ny utrikesminister blir Georg Bushs goda vän , Condoleezza Rice .",8 sidor,,,,
0,Han reste runt i länderna Pakistan och Afghanistan med en vän .,8 sidor,,,,
−1,"Men det kan ändå bli svårt att få Israel att lita på honom , eftersom han är så nära vän med Yassir Arafat .",8 sidor,,,,
0,"Lygia Bojungas böcker finns också på svenska , till exempel Den gula väskan , Kompisarna och Min vän målaren .",8 sidor,,,,
0,Det är hittills bara Arafats familj och en nära vän som har fått besöka honom .,8 sidor,,,,
0,Kurdo Baksi är vän till Dawit Isaak .,8 sidor,,,,
−1,Pappans vän straffas med fängelse i tre år .,8 sidor,,,,
0,Pappan och en vän till honom gjorde det .,8 sidor,,,,
0,Den tredje är en vän till pappan .,8 sidor,,,,
1,Trots att hon är rädd blir hon vän med slottets förtrollande invånare .,8 sidor,,,,
0,Björn Lindeblad ville fira sin vän Lasse Gustavson på födelsedagen .,8 sidor,,,,
0,Lars Lindgren har åkt på resor tillsammans med en vän och låtit facket betala .,8 sidor,,,,
1,"Men vi kommer att fortsätta att vara vän med länderna i EU , sade Storbritanniens ledare Theresa May .",8 sidor,,,,
1,Men i framtiden kommer Storbritannien att vara en vän .,8 sidor,,,,
1,De senaste åtta åren har Luleå vunnit guld sju gånger .,8 sidor,,,,
0,De har vunnit 46 gånger och Sverige 35 gånger .,8 sidor,,,,
0,Där ligger hon tvåa efter ungerskan Katinka Hosszu som vunnit 14 medaljer i EM.,8 sidor,,,,
0,Det sa Cornelia Jakobs efter att hon hade vunnit .,8 sidor,,,,
0,Men flera som jobbar på valkommissionen sa att det inte var säkert att Ruto vunnit .,8 sidor,,,,
1,Aldrig tidigare har något lag vunnit med så många mål i EM.,8 sidor,,,,
1,Han har vunnit många tävlingar .,8 sidor,,,,
1,Hon har också vunnit guld i skyrunning och skidalpinism .,8 sidor,,,,
1,Chimaev hade vunnit .,8 sidor,,,,
0,Brynäs och Luleå har vunnit två matcher var i finalen .,8 sidor,,,,
1,Sverige har vunnit första guldet i beachvolleyboll i EM .,8 sidor,,,,
1,Han har vunnit flera guldmedaljer i OS på fem tusen och tio tusen meter .,8 sidor,,,,
0,Martin Regborn är 30 år och är från Örebro Han har aldrig tidigare vunnit ett stort mästerskap .,8 sidor,,,,
0 xq,Ingen annan har vunnit så många stora tävlingar på senare tid .,8 sidor,,,,
0 xq,Sedan Finnkampen startade har Finlands herrar vunnit flest gånger .,8 sidor,,,,
0,Färjestad och Luleå har vunnit tre matcher var hittills .,8 sidor,,,,
0 xq 1,Experterna säger att Putin då också skulle vilja fira att han vunnit i Ukraina .,8 sidor,,,,
-1 0 xq,Laget har bara vunnit två .,8 sidor,,,,
0,Hon har tidigare vunnit VM-guld i orientering .,8 sidor,,,,
0 1 xq,De har vunnit alla .,8 sidor,,,,
1,Sverige har spelat mycket bra i VM . Sverige har vunnit alla matcher de spelat .,8 sidor,,,,
0 1 xq,Sandra Näslund har vunnit 19 tävlingar i rad .,8 sidor,,,,
0 1 xq,Så många har ingen annan kvinna i Sverige vunnit .,8 sidor,,,,
0 1 xq,Det blev hennes tredje guld i VM . Tidigare har hon vunnit super-G och kombination .,8 sidor,,,,
xq,Tidigare har hon vunnit VM för juniorer och OS för ungdomar .,8 sidor,,,,
xq,Hon har vunnit katternas VM .,8 sidor,,,,
xq,Griner har vunnit två medaljer i basket för USA .,8 sidor,,,,
xq,Han har också spelat många matcher med Sveriges lag och vunnit tre VM-guld .,8 sidor,,,,
xq,Det är tjugoåttonde gången Kanada vinner VM . Kanada har vunnit flest guld i VM av alla länder .,8 sidor,,,,
xq,Damerna har vunnit alla sina matcher i VM .,8 sidor,,,,
xq,Men de senaste tio åren har norska åkare vunnit bland herrarna .,8 sidor,,,,
xq,Hittills har Felix Swahns film vunnit över 50 priser .,8 sidor,,,,
xq,Det är första gången en svensk ryttare vunnit finalen i världscupen .,8 sidor,,,,
xq,Finland har vunnit fyra gånger .,8 sidor,,,,
xq,Luleå har vunnit båda gångerna .,8 sidor,,,,
xq,De har vunnit två matcher var .,8 sidor,,,,
xq,Nu är det klart vilka som har vunnit i årets SM i fågelholk .,8 sidor,,,,
xq,"Den 35-åriga argentinaren Lionel Messi hade vunnit det mesta , men inte ett VM .",8 sidor,,,,
xq,Sveriges damer har vunnit många medaljer i VM i skidor .,8 sidor,,,,
xq,Han säger att hans parti vunnit valet i Thailand .,8 sidor,,,,
xq,Hon är den första kvinna som vunnit Eurovision två gånger .,8 sidor,,,,
xq,De senaste åren har det varit norrmän som vunnit .,8 sidor,,,,
xq,Egypten har vunnit fem matcher i VM .,8 sidor,,,,
xq,Totalt har Sveriges herrar vunnit VM i innebandy tio gånger .,8 sidor,,,,
xq,Nu har Sveriges lag vunnit fem matcher i rad .,8 sidor,,,,
xq,När finalen är klar på fredag kväll har en av dem vunnit .,8 sidor,,,,
xq,Han och King Edward har också vunnit VM . 8 SIDOR / TT,8 sidor,,,,
xq,De har spelat sex matcher och vunnit alla .,8 sidor,,,,
xq,De har båda två tidigare vunnit pris för andra låtar .,8 sidor,,,,
xq,Nu har hon vunnit 87 tävlingar i världscupen .,8 sidor,,,,
xq,Han hade vunnit 86 tävlingar .,8 sidor,,,,
xq,Men han har aldrig vunnit ett VM .,8 sidor,,,,
xq,Hon har vunnit flera tävlingar i vinter .,8 sidor,,,,
xq,De har vunnit mot staten .,8 sidor,,,,
xq,Hon är den yngsta någonsin som har vunnit tävlingen .,8 sidor,,,,
xq,Herrarna i Sveriges lag har inte vunnit någon medalj ännu i VM i skidor .,8 sidor,,,,
xq,Nazuk Turdieva har vunnit tävlingar i tv förut .,8 sidor,,,,
xq,Tidigare har den vunnit priset Guldpalmen i Cannes .,8 sidor,,,,
xq,Nu har hon vunnit tävlingar i världscupen 30 gånger .,8 sidor,,,,
xq,De har vunnit flera långa lopp i vinter .,8 sidor,,,,
xq,Västerås herrar har vunnit SM-finalen i bandy 11 gånger .,8 sidor,,,,
xq,Frida Karlsson är den andra svenskan någonsin som har vunnit Tour de ski .,8 sidor,,,,
xq,Det betydde att Växjö hade vunnit fyra matcher i finalen .,8 sidor,,,,
xq,Hon är den första kvinna som vunnit Eurovision två gånger .,8 sidor,,,,
xq,"Det har bara varit otur att hon inte vunnit tidigare , säger han .",8 sidor,,,,
xq,Miranda Tibbling har redan vunnit världscupen i parkour .,8 sidor,,,,
xq,"Då hade hon redan vunnit guld i super-G , kombination och storslalom .",8 sidor,,,,
xq,Kenny Bräck har också vunnit hela Indycar .,8 sidor,,,,
xq,Hon har tidigare vunnit medaljer i både EM och VM .,8 sidor,,,,
xq,Tidigare har han vunnit fyra SM-guld med Frölunda .,8 sidor,,,,
xq,"Då hade han vunnit två guld i OS , guld i VM och gjort nya världsrekord .",8 sidor,,,,
xq,Kanada har vunnit VM fem gånger i rad .,8 sidor,,,,
xq,Nu har Tove Alexandersson vunnit VM-medaljer i fem olika sporter .,8 sidor,,,,
xq,Sverige har vunnit båda .,8 sidor,,,,
xq,Han är också en av de yngsta som vunnit tävlingen .,8 sidor,,,,
xq,Under alla år som artist har Beyoncé sammanlagt vunnit 31 Grammys .,8 sidor,,,,
xq,Sverige har tidigare vunnit över Österrike och Tyskland .,8 sidor,,,,
xq,De har vunnit nästan alla sina matcher hittills .,8 sidor,,,,
xq,Frankrike har vunnit två matcher i sin grupp .,8 sidor,,,,
xq,Charlotte Kalla är den enda svensk som vunnit Tour de ski .,8 sidor,,,,
xq,Sverige har spelat två matcher och har vunnit båda .,8 sidor,,,,
xq,Donald Trump fick sluta som president för två år sedan efter att Joe Biden vunnit valet .,8 sidor,,,,
xq,Halmstad har till och med vunnit allsvenskan flera gånger .,8 sidor,,,,
xq,De har vunnit fem VM i rad .,8 sidor,,,,
xq,Modo har vunnit SM-guld två gånger .,8 sidor,,,,
xq,Flera ledare i världen gratulerade Erdogan efter att han vunnit .,8 sidor,,,,
xq,Tidigare är det bara en svensk som har vunnit Indy 500 .,8 sidor,,,,
xq,De har vunnit SM-guld flera gånger .,8 sidor,,,,
xq,Det är tredje gången i rad som Danmarks herrar vinner VM . Inget annat land har vunnit tre gånger i rad .,8 sidor,,,,
xq,De båda svenskarna vann över den norska favoriten Johannes Thingnes Bø som redan vunnit fem guld under VM .,8 sidor,,,,
xq,Villa Lidköpings damer har vunnit SM-guld tre år i rad .,8 sidor,,,,
xq,Anja har inte vunnit en enda tävling den här säsongen .,8 sidor,,,,
1 xq,Hizbollahs ledare Hassan Nasrallah säger att de har vunnit kriget mot Israel .,8 sidor,,,,
xq,Det betyder att Sverige har vunnit gruppen .,8 sidor,,,,
xq,AIK vann helgens match mot Örgryte med 1-1 AIK har nu vunnit två matcher och spelat en oavgjord .,8 sidor,,,,
1 0 xq,Hon har vunnit varenda tävling hon ställt upp i .,8 sidor,,,,
xq,Han har vunnit OS-guld i K1 .,8 sidor,,,,
xq,Niclas Wallin är nu en av svenskarna som varit med och vunnit NHL och blivit Stanely Cup-vinnare .,8 sidor,,,,
xq,Alla lagen har vunnit varsin match .,8 sidor,,,,
0 -1 xq,"Jag har redan vunnit allt som går att vinna och vill inte åka till VM bara för att delta , säger Christian Olsson till nyhetsbyrån TT .",8 sidor,,,,
0,"Men också för att använda droger , visade detsig .",8 sidor,,,,
1,Nu visade svenskarna att de kan spela ganska bra och vinna även när det inte är tävling .,8 sidor,,,,
1,I söndags visade Zlatan att han är frisk igen .,8 sidor,,,,
0 1 xq,Men Charlotte Kalla visade snabbt att hon åkte för att vinna .,8 sidor,,,,
0,I datorerna fanns brev som visade att gerillagruppen Farc fått hjälp och pengar från Ecuador och Venezuela .,8 sidor,,,,
0,Blodtestet visade att hon hade använt det förbjudna medlet Epo i en tävling i Oberhof .,8 sidor,,,,
1,Då tog Marta hand om matchen och visade varför hon kallas för världens bästa fotbollsspelare .,8 sidor,,,,
1,Men Skellefteås spelare visade stor vilja och spelade bra hockey .,8 sidor,,,,
1,Svenskarna visade att de vill tillbaka till världstoppen igen .,8 sidor,,,,
0,Det visade sig vara väldigt svårt att bestämma vilken mat som skulle få klimatmärket .,8 sidor,,,,
0,Även höjdhopparen Stefan Holm visade att han är i världstoppen .,8 sidor,,,,
1,Han storspelade och visade att han är bäst trots att han får spela få matcher för sin klubb Manchester City .,8 sidor,,,,
1,Lotta visade vilken fantastisk målskytt hon är .,8 sidor,,,,
1,I det andra åket visade hon att hon kan köra fort .,8 sidor,,,,
1,Det visade han genom att sätta två nya världsrekord i helgens världscuptävlingar i Tyskland .,8 sidor,,,,
0,Och Tobias Linderoth visade att han nog klarar av att spela EM.,8 sidor,,,,
−1,Lärarna tyckte inte att det passade sig att han visade kalsongerna när han åt .,8 sidor,,,,
1,Men den här matchen visade att laget kan ha chans att slåss om en plats i semifinalerna .,8 sidor,,,,
1,Han visade att han har bra idéer och slog många riktigt smarta passningar .,8 sidor,,,,
1,Nu visade hon att det inte var någon tillfällighet.,8 sidor,,,,
1,Hon ledde loppet länge och visade att hon vill vara med och slåss om VM-medaljerna .,8 sidor,,,,
0,Han visade också polisen till platsen där han hade grävt ner Englas kropp .,8 sidor,,,,
0,Det visade sig att han smittats av svininfluensan .,8 sidor,,,,
1,Hanna Falk visade än en gång vilken fantastisk skidåkare hon är .,8 sidor,,,,
1,Än en gång visade han hur snabb han är när det stämmer riktigt bra .,8 sidor,,,,
1,Nu visade Robin att den segern inte var någon slump .,8 sidor,,,,
0,Polisens blodprov visade att Magnus Hedman hade dopningsmedlet Stanozolol i kroppen när han greps .,8 sidor,,,,
1,När alla trodde att loppet var förlorat visade Helena Jonsson mästarform .,8 sidor,,,,
0,Det visade han i GE-galan i Globen .,8 sidor,,,,
1,På söndagen visade Hellner och Kalla att deras segrar inte var någon tillfällighet .,8 sidor,,,,
1,Skyttekungen Tobias Hysén visade toppform direkt och gjorde två mål .,8 sidor,,,,
0,Han visade poliserna platsen där han gömt kroppen .,8 sidor,,,,
1,Än en gång visade norrmannen att han är världens snabbaste skidåkare .,8 sidor,,,,
0,Det visade sig att kaparen var en förvirrad man från Bolivia .,8 sidor,,,,
1,Emil Jönsson visade också att han kan vara med och slåss om OS-guld i Vancouver om några veckor .,8 sidor,,,,
−1,Danmark är illa omtyckt i muslimska länder sedan danska tidningar visade elaka skämtbilder på profeten Muhammed .,8 sidor,,,,
1,Men i helgen visade Sophie Gustafson att hon är en av världens bästa golfspelare .,8 sidor,,,,
0,Han visade också var han lagt hennes kropp .,8 sidor,,,,
0,Han erkände att han dödat henne och visade var han gömt hennes kropp .,8 sidor,,,,
0,"Kriget mellan Georgien och Ryssland visade att Sverige behöver ha ett bättre försvar , sade försvarsminister Sten Tolgfors i tidningen Dagens Nyheter .",8 sidor,,,,
1,Emil Jönsson visade att han är i storform och vann loppet utan problem .,8 sidor,,,,
0,Det första valresultatet visade att president Hamid Karzai vunnit och kan fortsätta leda landet .,8 sidor,,,,
−1,Men den här tjejen visade ingen respekt för världsstjärnorna .,8 sidor,,,,
1,I den här matchen visade tyskorna att de är precis så bra som tidigare år .,8 sidor,,,,
1,Han visade vem som är världens bäste fotbollsspelare .,8 sidor,,,,
0,"Emir Bajrami , Pontus Wernbloom , Ola Toivonen och Marcus Berg visade att de vill vara med i landslaget i fortsättningen .",8 sidor,,,,
1,Han visade direkt att han är den målskytt som Milan behöver .,8 sidor,,,,
0,Domaren blåste straff och visade ut Lindahl .,8 sidor,,,,
1,Marcus Hellner visade vilken fantastisk skidåkare han är .,8 sidor,,,,
1,Björn Ferry sköt lugnt och säkert hela tävlingen och mot slutet visade han sin styrka som skidåkare .,8 sidor,,,,
−1,Filmen visade hur amerikanska soldater sköt ihjäl oskyldiga människor på en gata i Irak .,8 sidor,,,,
1,"Men mamman gjorde helt rätt , visade det sig .",8 sidor,,,,
1,Nu visade han än en gång vilken bra slalomåkare han är .,8 sidor,,,,
1,Brasilien visade upp ett fantastiskt spel och har alla chanser att nå VM-finalen.,8 sidor,,,,
0,Det visade laget i den andra matchen mot Arsenal i Champions League .,8 sidor,,,,
−1,Men Nordkorea visade att laget kan ställa till problem för de andra motståndarna i gruppen .,8 sidor,,,,
1,Lagets 36-åring Sergej Obuchov visade att han fortfarande är en målkung .,8 sidor,,,,
1,Emil Jönsson visade att han vill vara med och slåss om guldet i sprint .,8 sidor,,,,
0,Alla deras spår visade det .,8 sidor,,,,
0,Hon visade också upp en blodig kniv .,8 sidor,,,,
1,Drogba visade att den skadade armen är okej .,8 sidor,,,,
1,Men här visade killarna hur gärna de vill till EM .,8 sidor,,,,
1,"Henrik Zetterberg , Niklas Kronwall , nye backen Erik Karlsson och de andra storstjärnorna visade att Tre Kronor kan slåss om guld den här gången .",8 sidor,,,,
0,Det visade sig att mannen var påverkad av droger .,8 sidor,,,,
1,Den 11-årige svensken visade att han vill vara med och slåss i världstoppen .,8 sidor,,,,
−1,Tv-bilder visade pansarbilar som körde mot demonstranterna i full fart .,8 sidor,,,,
0,Det visade hon i den här tävlingen .,8 sidor,,,,
0,Domarna såg vad Zlatan gjorde och visade ut honom .,8 sidor,,,,
1,Bostons målvakt Tim Thomas visade toppform och släppte inte in några mål alls .,8 sidor,,,,
1,"Usain Bolt visade bra form och vann 100 meter på tiden 9,79.",8 sidor,,,,
−1,Wikileaks avslöjade också hemliga papper som visade att USA kände till att fångar torterades av irakiska poliser och militärer .,8 sidor,,,,
1,Men i Globen visade Jelena Isinbajeva att hon tänker slåss om guldet i VM .,8 sidor,,,,
0,"Det visade sig senare att rånarna inte sköt med ett dödligt vapen , utan med en startpistol .",8 sidor,,,,
0,Men det visade sig vara fel .,8 sidor,,,,
0,Han visade polisen till ett lager där de hade gömt flera ton kemiska ämnen som kan användas för att tillverka bomber .,8 sidor,,,,
−1,Testerna visade att hans hjärta inte är bra .,8 sidor,,,,
1,Trestegshopparen Christian Olsson visade också vad han kan .,8 sidor,,,,
0,Det visade hon i tävlingen British open som avslutades i helgen .,8 sidor,,,,
−1,En av filmerna visade hur amerikanska soldater dödade oskyldiga människor i landet Irak .,8 sidor,,,,
−1,Sverige visade inte upp något mästarspel .,8 sidor,,,,
1,PSG visade upp ett lysande spel .,8 sidor,,,,
0,Poliserna visade bilderna och brödernas vänner och grannar kände igen dem .,8 sidor,,,,
1,Zlatan visade att han var värd pengarna det kostade klubben att köpa honom .,8 sidor,,,,
0,Det visade han i helgens världscuptävling i Schweiz .,8 sidor,,,,
1,"– I kväll visade vi att vi är riktigt bra , sade Malmös anfallare Magnus Eriksson efter matchen .",8 sidor,,,,
0,Det visade hon i helgens tävlingar i Bruksvallarna .,8 sidor,,,,
1,PSG visade sin hemmapublik att laget kan spela jämnt med Barcelona .,8 sidor,,,,